Date,Rating,Review_No
2017-04-30,1,5
2017-04-30,2,1
2017-04-30,3,3
2017-04-30,4,16
2017-04-30,5,24
2017-05-01,1,9
2017-05-01,2,6
2017-05-01,3,4
2017-05-01,4,18
2017-05-01,5,99
2017-05-02,1,10
2017-05-02,2,1
2017-05-02,3,2
2017-05-02,4,21
2017-05-02,5,92
2017-05-03,1,11
2017-05-03,2,1
2017-05-03,3,6
2017-05-03,4,24
2017-05-03,5,108
2017-05-04,1,7
2017-05-04,2,6
2017-05-04,3,9
2017-05-04,4,29
2017-05-04,5,199
2017-05-05,1,4
2017-05-05,2,6
2017-05-05,3,11
2017-05-05,4,22
2017-05-05,5,143
2017-05-06,1,3
2017-05-06,2,2
2017-05-06,3,8
2017-05-06,4,17
2017-05-06,5,125
2017-05-07,1,10
2017-05-07,3,8
2017-05-07,4,22
2017-05-07,5,122
2017-05-08,1,11
2017-05-08,2,2
2017-05-08,3,9
2017-05-08,4,17
2017-05-08,5,126
2017-05-09,1,7
2017-05-09,2,2
2017-05-09,3,5
2017-05-09,4,15
2017-05-09,5,119
2017-05-10,1,7
2017-05-10,2,2
2017-05-10,3,2
2017-05-10,4,14
2017-05-10,5,113
2017-05-11,1,14
2017-05-11,2,6
2017-05-11,3,3
2017-05-11,4,11
2017-05-11,5,91
2017-05-12,1,7
2017-05-12,2,5
2017-05-12,3,1
2017-05-12,4,14
2017-05-12,5,82
2017-05-13,1,8
2017-05-13,2,4
2017-05-13,3,5
2017-05-13,4,18
2017-05-13,5,95
2017-05-14,1,4
2017-05-14,2,3
2017-05-14,3,5
2017-05-14,4,15
2017-05-14,5,84
2017-05-15,1,11
2017-05-15,2,4
2017-05-15,3,3
2017-05-15,4,18
2017-05-15,5,88
2017-05-16,1,10
2017-05-16,2,3
2017-05-16,3,5
2017-05-16,4,25
2017-05-16,5,86
2017-05-17,1,7
2017-05-17,2,1
2017-05-17,3,4
2017-05-17,4,16
2017-05-17,5,93
2017-05-18,1,11
2017-05-18,2,5
2017-05-18,3,5
2017-05-18,4,8
2017-05-18,5,101
2017-05-19,1,5
2017-05-19,2,5
2017-05-19,3,4
2017-05-19,4,12
2017-05-19,5,83
2017-05-20,1,8
2017-05-20,2,3
2017-05-20,3,4
2017-05-20,4,18
2017-05-20,5,86
2017-05-21,1,19
2017-05-21,2,4
2017-05-21,3,9
2017-05-21,4,26
2017-05-21,5,115
2017-05-22,1,6
2017-05-22,2,1
2017-05-22,3,4
2017-05-22,4,13
2017-05-22,5,85
2017-05-23,1,5
2017-05-23,2,1
2017-05-23,3,1
2017-05-23,4,22
2017-05-23,5,82
2017-05-24,1,8
2017-05-24,2,1
2017-05-24,3,6
2017-05-24,4,19
2017-05-24,5,98
2017-05-25,1,6
2017-05-25,3,7
2017-05-25,4,13
2017-05-25,5,91
2017-05-26,1,5
2017-05-26,2,4
2017-05-26,3,3
2017-05-26,4,19
2017-05-26,5,93
2017-05-27,1,7
2017-05-27,2,1
2017-05-27,3,6
2017-05-27,4,13
2017-05-27,5,81
2017-05-28,1,3
2017-05-28,2,1
2017-05-28,3,3
2017-05-28,4,18
2017-05-28,5,103
2017-05-29,1,8
2017-05-29,2,1
2017-05-29,3,6
2017-05-29,4,12
2017-05-29,5,77
2017-05-30,1,11
2017-05-30,2,1
2017-05-30,3,1
2017-05-30,4,7
2017-05-30,5,73
2017-05-31,1,10
2017-05-31,3,4
2017-05-31,4,17
2017-05-31,5,93
2017-06-01,1,10
2017-06-01,2,1
2017-06-01,3,4
2017-06-01,4,22
2017-06-01,5,80
2017-06-02,1,13
2017-06-02,2,4
2017-06-02,3,7
2017-06-02,4,17
2017-06-02,5,80
2017-06-03,1,8
2017-06-03,2,1
2017-06-03,3,3
2017-06-03,4,11
2017-06-03,5,95
2017-06-04,1,8
2017-06-04,2,1
2017-06-04,3,6
2017-06-04,4,14
2017-06-04,5,105
2017-06-05,1,7
2017-06-05,2,4
2017-06-05,3,2
2017-06-05,4,14
2017-06-05,5,111
2017-06-06,1,9
2017-06-06,2,3
2017-06-06,3,4
2017-06-06,4,16
2017-06-06,5,97
2017-06-07,1,13
2017-06-07,2,3
2017-06-07,3,5
2017-06-07,4,17
2017-06-07,5,95
2017-06-08,1,6
2017-06-08,2,2
2017-06-08,3,6
2017-06-08,4,23
2017-06-08,5,108
2017-06-09,1,7
2017-06-09,2,1
2017-06-09,3,8
2017-06-09,4,14
2017-06-09,5,87
2017-06-10,1,2
2017-06-10,2,1
2017-06-10,3,3
2017-06-10,4,15
2017-06-10,5,100
2017-06-11,1,6
2017-06-11,2,3
2017-06-11,3,6
2017-06-11,4,16
2017-06-11,5,145
2017-06-12,1,7
2017-06-12,2,3
2017-06-12,3,8
2017-06-12,4,18
2017-06-12,5,131
2017-06-13,1,9
2017-06-13,2,2
2017-06-13,3,6
2017-06-13,4,17
2017-06-13,5,104
2017-06-14,1,7
2017-06-14,2,3
2017-06-14,3,7
2017-06-14,4,20
2017-06-14,5,98
2017-06-15,1,4
2017-06-15,2,2
2017-06-15,3,5
2017-06-15,4,16
2017-06-15,5,100
2017-06-16,1,5
2017-06-16,2,1
2017-06-16,3,4
2017-06-16,4,14
2017-06-16,5,97
2017-06-17,1,4
2017-06-17,2,4
2017-06-17,3,3
2017-06-17,4,14
2017-06-17,5,106
2017-06-18,1,8
2017-06-18,2,4
2017-06-18,3,8
2017-06-18,4,9
2017-06-18,5,100
2017-06-19,1,4
2017-06-19,3,5
2017-06-19,4,16
2017-06-19,5,91
2017-06-20,1,3
2017-06-20,2,2
2017-06-20,3,7
2017-06-20,4,14
2017-06-20,5,98
2017-06-21,1,9
2017-06-21,2,3
2017-06-21,3,3
2017-06-21,4,11
2017-06-21,5,77
2017-06-22,1,6
2017-06-22,2,2
2017-06-22,3,3
2017-06-22,4,18
2017-06-22,5,106
2017-06-23,1,11
2017-06-23,2,3
2017-06-23,3,6
2017-06-23,4,14
2017-06-23,5,90
2017-06-24,1,6
2017-06-24,2,4
2017-06-24,3,5
2017-06-24,4,9
2017-06-24,5,98
2017-06-25,1,12
2017-06-25,3,7
2017-06-25,4,11
2017-06-25,5,100
2017-06-26,1,5
2017-06-26,2,3
2017-06-26,3,1
2017-06-26,4,10
2017-06-26,5,96
2017-06-27,1,5
2017-06-27,2,3
2017-06-27,3,3
2017-06-27,4,15
2017-06-27,5,98
2017-06-28,1,8
2017-06-28,3,11
2017-06-28,4,19
2017-06-28,5,113
2017-06-29,1,8
2017-06-29,2,3
2017-06-29,3,3
2017-06-29,4,13
2017-06-29,5,110
2017-06-30,1,8
2017-06-30,2,2
2017-06-30,3,8
2017-06-30,4,23
2017-06-30,5,134
2017-07-01,1,8
2017-07-01,2,4
2017-07-01,3,8
2017-07-01,4,23
2017-07-01,5,160
2017-07-02,1,15
2017-07-02,2,3
2017-07-02,3,9
2017-07-02,4,29
2017-07-02,5,158
2017-07-03,1,10
2017-07-03,2,5
2017-07-03,3,6
2017-07-03,4,15
2017-07-03,5,137
2017-07-04,1,7
2017-07-04,2,1
2017-07-04,3,5
2017-07-04,4,13
2017-07-04,5,121
2017-07-05,1,5
2017-07-05,3,6
2017-07-05,4,13
2017-07-05,5,116
2017-07-06,1,8
2017-07-06,2,2
2017-07-06,3,7
2017-07-06,4,19
2017-07-06,5,121
2017-07-07,1,4
2017-07-07,2,3
2017-07-07,3,6
2017-07-07,4,15
2017-07-07,5,103
2017-07-08,1,10
2017-07-08,2,2
2017-07-08,3,3
2017-07-08,4,25
2017-07-08,5,111
2017-07-09,1,12
2017-07-09,2,1
2017-07-09,3,3
2017-07-09,4,21
2017-07-09,5,151
2017-07-10,1,13
2017-07-10,2,2
2017-07-10,3,4
2017-07-10,4,19
2017-07-10,5,111
2017-07-11,1,11
2017-07-11,2,2
2017-07-11,3,2
2017-07-11,4,17
2017-07-11,5,102
2017-07-12,1,9
2017-07-12,2,4
2017-07-12,3,6
2017-07-12,4,13
2017-07-12,5,91
2017-07-13,1,8
2017-07-13,2,1
2017-07-13,3,7
2017-07-13,4,11
2017-07-13,5,81
2017-07-14,1,7
2017-07-14,2,4
2017-07-14,3,4
2017-07-14,4,13
2017-07-14,5,88
2017-07-15,1,5
2017-07-15,2,3
2017-07-15,3,7
2017-07-15,4,15
2017-07-15,5,86
2017-07-16,1,6
2017-07-16,3,6
2017-07-16,4,18
2017-07-16,5,116
2017-07-17,1,10
2017-07-17,2,1
2017-07-17,3,5
2017-07-17,4,21
2017-07-17,5,87
2017-07-18,1,8
2017-07-18,3,2
2017-07-18,4,11
2017-07-18,5,89
2017-07-19,1,4
2017-07-19,2,3
2017-07-19,3,7
2017-07-19,4,12
2017-07-19,5,115
2017-07-20,1,12
2017-07-20,3,9
2017-07-20,4,19
2017-07-20,5,130
2017-07-21,1,9
2017-07-21,2,2
2017-07-21,3,3
2017-07-21,4,13
2017-07-21,5,110
2017-07-22,1,6
2017-07-22,2,1
2017-07-22,3,6
2017-07-22,4,23
2017-07-22,5,105
2017-07-23,1,10
2017-07-23,3,3
2017-07-23,4,25
2017-07-23,5,111
2017-07-24,1,7
2017-07-24,2,4
2017-07-24,3,3
2017-07-24,4,15
2017-07-24,5,110
2017-07-25,1,6
2017-07-25,2,3
2017-07-25,3,6
2017-07-25,4,26
2017-07-25,5,113
2017-07-26,1,8
2017-07-26,2,2
2017-07-26,3,3
2017-07-26,4,22
2017-07-26,5,123
2017-07-27,1,5
2017-07-27,2,3
2017-07-27,3,3
2017-07-27,4,15
2017-07-27,5,109
2017-07-28,1,10
2017-07-28,2,3
2017-07-28,3,1
2017-07-28,4,21
2017-07-28,5,119
2017-07-29,1,6
2017-07-29,2,2
2017-07-29,3,4
2017-07-29,4,14
2017-07-29,5,133
2017-07-30,1,10
2017-07-30,3,2
2017-07-30,4,22
2017-07-30,5,144
2017-07-31,1,7
2017-07-31,2,1
2017-07-31,3,1
2017-07-31,4,15
2017-07-31,5,108
2017-08-01,1,4
2017-08-01,3,2
2017-08-01,4,21
2017-08-01,5,101
2017-08-02,1,5
2017-08-02,2,2
2017-08-02,3,3
2017-08-02,4,10
2017-08-02,5,87
2017-08-03,1,12
2017-08-03,2,1
2017-08-03,3,4
2017-08-03,4,19
2017-08-03,5,109
2017-08-04,1,11
2017-08-04,2,2
2017-08-04,3,7
2017-08-04,4,10
2017-08-04,5,102
2017-08-05,1,11
2017-08-05,2,1
2017-08-05,3,2
2017-08-05,4,15
2017-08-05,5,110
2017-08-06,1,7
2017-08-06,2,1
2017-08-06,3,4
2017-08-06,4,19
2017-08-06,5,112
2017-08-07,1,12
2017-08-07,2,2
2017-08-07,3,8
2017-08-07,4,19
2017-08-07,5,114
2017-08-08,1,3
2017-08-08,2,4
2017-08-08,3,3
2017-08-08,4,15
2017-08-08,5,106
2017-08-09,1,7
2017-08-09,2,4
2017-08-09,3,6
2017-08-09,4,25
2017-08-09,5,151
2017-08-10,1,12
2017-08-10,2,3
2017-08-10,3,12
2017-08-10,4,21
2017-08-10,5,168
2017-08-11,1,8
2017-08-11,2,1
2017-08-11,3,8
2017-08-11,4,22
2017-08-11,5,118
2017-08-12,1,8
2017-08-12,3,7
2017-08-12,4,20
2017-08-12,5,118
2017-08-13,1,5
2017-08-13,2,3
2017-08-13,3,3
2017-08-13,4,27
2017-08-13,5,144
2017-08-14,1,6
2017-08-14,2,5
2017-08-14,3,5
2017-08-14,4,19
2017-08-14,5,96
2017-08-15,1,8
2017-08-15,2,2
2017-08-15,3,5
2017-08-15,4,20
2017-08-15,5,94
2017-08-16,1,9
2017-08-16,2,4
2017-08-16,3,3
2017-08-16,4,19
2017-08-16,5,86
2017-08-17,1,9
2017-08-17,2,1
2017-08-17,3,6
2017-08-17,4,16
2017-08-17,5,129
2017-08-18,1,6
2017-08-18,3,5
2017-08-18,4,22
2017-08-18,5,119
2017-08-19,1,10
2017-08-19,2,3
2017-08-19,3,8
2017-08-19,4,19
2017-08-19,5,116
2017-08-20,1,7
2017-08-20,3,5
2017-08-20,4,27
2017-08-20,5,131
2017-08-21,1,9
2017-08-21,2,5
2017-08-21,3,2
2017-08-21,4,19
2017-08-21,5,100
2017-08-22,1,7
2017-08-22,2,1
2017-08-22,3,4
2017-08-22,4,13
2017-08-22,5,109
2017-08-23,1,6
2017-08-23,2,4
2017-08-23,3,1
2017-08-23,4,16
2017-08-23,5,123
2017-08-24,1,4
2017-08-24,2,3
2017-08-24,3,1
2017-08-24,4,21
2017-08-24,5,88
2017-08-25,1,13
2017-08-25,2,3
2017-08-25,3,3
2017-08-25,4,9
2017-08-25,5,104
2017-08-26,1,10
2017-08-26,2,2
2017-08-26,3,4
2017-08-26,4,18
2017-08-26,5,102
2017-08-27,1,11
2017-08-27,2,3
2017-08-27,3,5
2017-08-27,4,19
2017-08-27,5,111
2017-08-28,1,11
2017-08-28,2,5
2017-08-28,3,9
2017-08-28,4,17
2017-08-28,5,110
2017-08-29,1,4
2017-08-29,2,1
2017-08-29,3,4
2017-08-29,4,20
2017-08-29,5,112
2017-08-30,1,2
2017-08-30,2,1
2017-08-30,3,8
2017-08-30,4,15
2017-08-30,5,94
2017-08-31,1,9
2017-08-31,3,1
2017-08-31,4,17
2017-08-31,5,91
2017-09-01,1,13
2017-09-01,2,3
2017-09-01,3,4
2017-09-01,4,19
2017-09-01,5,91
2017-09-02,1,7
2017-09-02,3,4
2017-09-02,4,22
2017-09-02,5,111
2017-09-03,1,13
2017-09-03,2,1
2017-09-03,3,4
2017-09-03,4,18
2017-09-03,5,119
2017-09-04,1,9
2017-09-04,2,1
2017-09-04,3,5
2017-09-04,4,20
2017-09-04,5,97
2017-09-05,1,10
2017-09-05,2,1
2017-09-05,3,2
2017-09-05,4,11
2017-09-05,5,89
2017-09-06,1,3
2017-09-06,3,4
2017-09-06,4,12
2017-09-06,5,105
2017-09-07,1,6
2017-09-07,2,2
2017-09-07,3,5
2017-09-07,4,23
2017-09-07,5,87
2017-09-08,1,3
2017-09-08,2,3
2017-09-08,3,4
2017-09-08,4,22
2017-09-08,5,96
2017-09-09,1,7
2017-09-09,2,1
2017-09-09,3,4
2017-09-09,4,14
2017-09-09,5,80
2017-09-10,1,4
2017-09-10,2,1
2017-09-10,3,5
2017-09-10,4,16
2017-09-10,5,109
2017-09-11,1,7
2017-09-11,2,1
2017-09-11,3,6
2017-09-11,4,17
2017-09-11,5,96
2017-09-12,1,9
2017-09-12,2,1
2017-09-12,3,3
2017-09-12,4,14
2017-09-12,5,102
2017-09-13,1,8
2017-09-13,2,1
2017-09-13,3,6
2017-09-13,4,13
2017-09-13,5,73
2017-09-14,1,15
2017-09-14,3,1
2017-09-14,4,14
2017-09-14,5,98
2017-09-15,1,8
2017-09-15,2,2
2017-09-15,3,3
2017-09-15,4,24
2017-09-15,5,84
2017-09-16,1,9
2017-09-16,3,3
2017-09-16,4,14
2017-09-16,5,85
2017-09-17,1,18
2017-09-17,2,2
2017-09-17,3,5
2017-09-17,4,13
2017-09-17,5,100
2017-09-18,1,10
2017-09-18,2,2
2017-09-18,3,8
2017-09-18,4,13
2017-09-18,5,104
2017-09-19,1,12
2017-09-19,3,4
2017-09-19,4,11
2017-09-19,5,102
2017-09-20,1,7
2017-09-20,2,1
2017-09-20,3,1
2017-09-20,4,11
2017-09-20,5,86
2017-09-21,1,5
2017-09-21,2,1
2017-09-21,3,3
2017-09-21,4,15
2017-09-21,5,86
2017-09-22,1,9
2017-09-22,2,2
2017-09-22,3,5
2017-09-22,4,13
2017-09-22,5,89
2017-09-23,1,10
2017-09-23,2,2
2017-09-23,3,4
2017-09-23,4,12
2017-09-23,5,81
2017-09-24,1,10
2017-09-24,3,6
2017-09-24,4,11
2017-09-24,5,103
2017-09-25,1,13
2017-09-25,2,4
2017-09-25,3,4
2017-09-25,4,16
2017-09-25,5,80
2017-09-26,1,12
2017-09-26,2,7
2017-09-26,3,4
2017-09-26,4,21
2017-09-26,5,121
2017-09-27,1,8
2017-09-27,2,2
2017-09-27,3,2
2017-09-27,4,11
2017-09-27,5,94
2017-09-28,1,7
2017-09-28,2,2
2017-09-28,3,7
2017-09-28,4,20
2017-09-28,5,93
2017-09-29,1,8
2017-09-29,3,2
2017-09-29,4,16
2017-09-29,5,85
2017-09-30,1,6
2017-09-30,2,1
2017-09-30,3,4
2017-09-30,4,18
2017-09-30,5,100
2017-10-01,1,15
2017-10-01,2,1
2017-10-01,3,3
2017-10-01,4,23
2017-10-01,5,120
2017-10-02,1,10
2017-10-02,2,1
2017-10-02,3,4
2017-10-02,4,17
2017-10-02,5,98
2017-10-03,1,6
2017-10-03,2,2
2017-10-03,3,5
2017-10-03,4,16
2017-10-03,5,98
2017-10-04,1,12
2017-10-04,2,2
2017-10-04,3,4
2017-10-04,4,17
2017-10-04,5,92
2017-10-05,1,12
2017-10-05,2,2
2017-10-05,3,7
2017-10-05,4,27
2017-10-05,5,102
2017-10-06,1,10
2017-10-06,2,2
2017-10-06,3,11
2017-10-06,4,18
2017-10-06,5,110
2017-10-07,1,5
2017-10-07,2,3
2017-10-07,3,6
2017-10-07,4,8
2017-10-07,5,105
2017-10-08,1,8
2017-10-08,3,5
2017-10-08,4,24
2017-10-08,5,113
2017-10-09,1,15
2017-10-09,2,3
2017-10-09,3,6
2017-10-09,4,23
2017-10-09,5,95
2017-10-10,1,10
2017-10-10,2,3
2017-10-10,3,9
2017-10-10,4,13
2017-10-10,5,88
2017-10-11,1,35
2017-10-11,2,14
2017-10-11,3,19
2017-10-11,4,25
2017-10-11,5,132
2017-10-12,1,8
2017-10-12,2,3
2017-10-12,3,4
2017-10-12,4,10
2017-10-12,5,107
2017-10-13,1,14
2017-10-13,2,3
2017-10-13,3,1
2017-10-13,4,15
2017-10-13,5,93
2017-10-14,1,5
2017-10-14,2,4
2017-10-14,3,6
2017-10-14,4,15
2017-10-14,5,88
2017-10-15,1,7
2017-10-15,2,2
2017-10-15,3,8
2017-10-15,4,21
2017-10-15,5,125
2017-10-16,1,8
2017-10-16,2,3
2017-10-16,3,4
2017-10-16,4,15
2017-10-16,5,107
2017-10-17,1,12
2017-10-17,2,1
2017-10-17,3,8
2017-10-17,4,15
2017-10-17,5,92
2017-10-18,1,9
2017-10-18,2,2
2017-10-18,3,2
2017-10-18,4,11
2017-10-18,5,89
2017-10-19,1,7
2017-10-19,2,3
2017-10-19,3,3
2017-10-19,4,17
2017-10-19,5,82
2017-10-20,1,13
2017-10-20,2,6
2017-10-20,3,5
2017-10-20,4,20
2017-10-20,5,103
2017-10-21,1,10
2017-10-21,2,2
2017-10-21,3,4
2017-10-21,4,20
2017-10-21,5,117
2017-10-22,1,11
2017-10-22,2,2
2017-10-22,3,3
2017-10-22,4,20
2017-10-22,5,132
2017-10-23,1,6
2017-10-23,2,1
2017-10-23,3,4
2017-10-23,4,12
2017-10-23,5,98
2017-10-24,1,9
2017-10-24,2,3
2017-10-24,3,3
2017-10-24,4,16
2017-10-24,5,94
2017-10-25,1,9
2017-10-25,3,2
2017-10-25,4,11
2017-10-25,5,96
2017-10-26,1,4
2017-10-26,2,3
2017-10-26,3,8
2017-10-26,4,21
2017-10-26,5,114
2017-10-27,1,6
2017-10-27,2,3
2017-10-27,3,5
2017-10-27,4,10
2017-10-27,5,80
2017-10-28,1,9
2017-10-28,3,3
2017-10-28,4,12
2017-10-28,5,91
2017-10-29,1,8
2017-10-29,2,3
2017-10-29,3,15
2017-10-29,4,11
2017-10-29,5,111
2017-10-30,1,6
2017-10-30,2,2
2017-10-30,3,2
2017-10-30,4,21
2017-10-30,5,99
2017-10-31,1,5
2017-10-31,2,2
2017-10-31,3,2
2017-10-31,4,13
2017-10-31,5,85
2017-11-01,1,8
2017-11-01,2,1
2017-11-01,3,5
2017-11-01,4,12
2017-11-01,5,103
2017-11-02,1,3
2017-11-02,2,1
2017-11-02,3,7
2017-11-02,4,15
2017-11-02,5,85
2017-11-03,1,12
2017-11-03,2,3
2017-11-03,3,6
2017-11-03,4,21
2017-11-03,5,101
2017-11-04,1,3
2017-11-04,2,2
2017-11-04,3,6
2017-11-04,4,14
2017-11-04,5,101
2017-11-05,1,7
2017-11-05,2,3
2017-11-05,3,8
2017-11-05,4,21
2017-11-05,5,132
2017-11-06,1,2
2017-11-06,2,8
2017-11-06,3,8
2017-11-06,4,11
2017-11-06,5,105
2017-11-07,1,6
2017-11-07,2,1
2017-11-07,3,4
2017-11-07,4,19
2017-11-07,5,103
2017-11-08,1,4
2017-11-08,2,2
2017-11-08,3,3
2017-11-08,4,9
2017-11-08,5,101
2017-11-09,1,8
2017-11-09,2,2
2017-11-09,3,5
2017-11-09,4,11
2017-11-09,5,98
2017-11-10,1,16
2017-11-10,2,2
2017-11-10,3,4
2017-11-10,4,16
2017-11-10,5,122
2017-11-11,1,8
2017-11-11,2,4
2017-11-11,3,2
2017-11-11,4,14
2017-11-11,5,123
2017-11-12,1,16
2017-11-12,2,3
2017-11-12,3,12
2017-11-12,4,24
2017-11-12,5,114
2017-11-13,1,10
2017-11-13,2,1
2017-11-13,3,7
2017-11-13,4,23
2017-11-13,5,107
2017-11-14,1,7
2017-11-14,3,6
2017-11-14,4,19
2017-11-14,5,95
2017-11-15,1,9
2017-11-15,3,9
2017-11-15,4,9
2017-11-15,5,116
2017-11-16,1,7
2017-11-16,3,4
2017-11-16,4,12
2017-11-16,5,82
2017-11-17,1,10
2017-11-17,3,4
2017-11-17,4,12
2017-11-17,5,101
2017-11-18,1,4
2017-11-18,2,2
2017-11-18,3,6
2017-11-18,4,15
2017-11-18,5,95
2017-11-19,1,6
2017-11-19,2,3
2017-11-19,3,8
2017-11-19,4,16
2017-11-19,5,91
2017-11-20,1,8
2017-11-20,2,2
2017-11-20,3,4
2017-11-20,4,17
2017-11-20,5,114
2017-11-21,1,8
2017-11-21,2,2
2017-11-21,3,5
2017-11-21,4,18
2017-11-21,5,106
2017-11-22,1,7
2017-11-22,2,1
2017-11-22,3,4
2017-11-22,4,8
2017-11-22,5,97
2017-11-23,1,17
2017-11-23,2,3
2017-11-23,3,5
2017-11-23,4,15
2017-11-23,5,102
2017-11-24,1,12
2017-11-24,2,1
2017-11-24,3,9
2017-11-24,4,13
2017-11-24,5,89
2017-11-25,1,6
2017-11-25,2,3
2017-11-25,3,6
2017-11-25,4,18
2017-11-25,5,108
2017-11-26,1,13
2017-11-26,2,1
2017-11-26,3,6
2017-11-26,4,16
2017-11-26,5,107
2017-11-27,1,14
2017-11-27,2,2
2017-11-27,3,3
2017-11-27,4,17
2017-11-27,5,110
2017-11-28,1,18
2017-11-28,2,1
2017-11-28,3,8
2017-11-28,4,14
2017-11-28,5,117
2017-11-29,1,17
2017-11-29,2,2
2017-11-29,3,4
2017-11-29,4,16
2017-11-29,5,118
2017-11-30,1,12
2017-11-30,2,2
2017-11-30,3,1
2017-11-30,4,8
2017-11-30,5,96
2017-12-01,1,11
2017-12-01,2,1
2017-12-01,3,5
2017-12-01,4,15
2017-12-01,5,89
2017-12-02,1,6
2017-12-02,3,4
2017-12-02,4,13
2017-12-02,5,81
2017-12-03,1,7
2017-12-03,2,2
2017-12-03,3,5
2017-12-03,4,17
2017-12-03,5,102
2017-12-04,1,8
2017-12-04,2,1
2017-12-04,3,4
2017-12-04,4,23
2017-12-04,5,111
2017-12-05,1,6
2017-12-05,2,2
2017-12-05,3,3
2017-12-05,4,18
2017-12-05,5,82
2017-12-06,1,14
2017-12-06,3,2
2017-12-06,4,19
2017-12-06,5,118
2017-12-07,1,5
2017-12-07,3,1
2017-12-07,4,18
2017-12-07,5,91
2017-12-08,1,12
2017-12-08,2,3
2017-12-08,3,6
2017-12-08,4,16
2017-12-08,5,89
2017-12-09,1,10
2017-12-09,3,5
2017-12-09,4,20
2017-12-09,5,91
2017-12-10,1,8
2017-12-10,2,1
2017-12-10,3,5
2017-12-10,4,28
2017-12-10,5,95
2017-12-11,1,8
2017-12-11,2,2
2017-12-11,3,4
2017-12-11,4,20
2017-12-11,5,91
2017-12-12,1,9
2017-12-12,2,3
2017-12-12,3,3
2017-12-12,4,17
2017-12-12,5,104
2017-12-13,1,2
2017-12-13,2,3
2017-12-13,3,3
2017-12-13,4,10
2017-12-13,5,107
2017-12-14,1,7
2017-12-14,2,2
2017-12-14,3,4
2017-12-14,4,19
2017-12-14,5,95
2017-12-15,1,6
2017-12-15,2,2
2017-12-15,3,4
2017-12-15,4,12
2017-12-15,5,95
2017-12-16,1,10
2017-12-16,3,6
2017-12-16,4,17
2017-12-16,5,107
2017-12-17,1,9
2017-12-17,3,3
2017-12-17,4,17
2017-12-17,5,114
2017-12-18,1,10
2017-12-18,3,5
2017-12-18,4,14
2017-12-18,5,98
2017-12-19,1,6
2017-12-19,3,5
2017-12-19,4,7
2017-12-19,5,92
2017-12-20,1,7
2017-12-20,2,1
2017-12-20,3,4
2017-12-20,4,19
2017-12-20,5,103
2017-12-21,1,6
2017-12-21,2,1
2017-12-21,3,3
2017-12-21,4,15
2017-12-21,5,92
2017-12-22,1,10
2017-12-22,2,2
2017-12-22,3,2
2017-12-22,4,8
2017-12-22,5,77
2017-12-23,1,13
2017-12-23,2,1
2017-12-23,3,4
2017-12-23,4,9
2017-12-23,5,63
2017-12-24,1,4
2017-12-24,2,2
2017-12-24,3,1
2017-12-24,4,13
2017-12-24,5,118
2017-12-25,1,5
2017-12-25,2,3
2017-12-25,3,2
2017-12-25,4,17
2017-12-25,5,77
2017-12-26,1,7
2017-12-26,3,6
2017-12-26,4,15
2017-12-26,5,88
2017-12-27,1,6
2017-12-27,2,2
2017-12-27,3,5
2017-12-27,4,10
2017-12-27,5,101
2017-12-28,1,3
2017-12-28,2,4
2017-12-28,3,3
2017-12-28,4,13
2017-12-28,5,71
2017-12-29,1,10
2017-12-29,2,2
2017-12-29,3,6
2017-12-29,4,17
2017-12-29,5,104
2017-12-30,1,9
2017-12-30,2,1
2017-12-30,3,7
2017-12-30,4,13
2017-12-30,5,105
2017-12-31,1,6
2017-12-31,2,1
2017-12-31,3,6
2017-12-31,4,17
2017-12-31,5,90
2018-01-01,1,6
2018-01-01,2,1
2018-01-01,3,2
2018-01-01,4,18
2018-01-01,5,99
2018-01-02,1,4
2018-01-02,2,1
2018-01-02,3,5
2018-01-02,4,19
2018-01-02,5,88
2018-01-03,1,15
2018-01-03,2,1
2018-01-03,3,2
2018-01-03,4,15
2018-01-03,5,89
2018-01-04,1,12
2018-01-04,2,3
2018-01-04,3,5
2018-01-04,4,22
2018-01-04,5,86
2018-01-05,1,14
2018-01-05,2,1
2018-01-05,3,7
2018-01-05,4,24
2018-01-05,5,114
2018-01-06,1,20
2018-01-06,2,3
2018-01-06,3,9
2018-01-06,4,17
2018-01-06,5,108
2018-01-07,1,9
2018-01-07,3,5
2018-01-07,4,14
2018-01-07,5,103
2018-01-08,1,6
2018-01-08,2,3
2018-01-08,3,2
2018-01-08,4,15
2018-01-08,5,89
2018-01-09,1,4
2018-01-09,2,1
2018-01-09,3,5
2018-01-09,4,17
2018-01-09,5,89
2018-01-10,1,6
2018-01-10,3,4
2018-01-10,4,20
2018-01-10,5,119
2018-01-11,1,8
2018-01-11,2,1
2018-01-11,3,3
2018-01-11,4,19
2018-01-11,5,120
2018-01-12,1,7
2018-01-12,2,2
2018-01-12,3,4
2018-01-12,4,18
2018-01-12,5,116
2018-01-13,1,5
2018-01-13,2,2
2018-01-13,4,12
2018-01-13,5,107
2018-01-14,1,10
2018-01-14,3,1
2018-01-14,4,18
2018-01-14,5,98
2018-01-15,1,6
2018-01-15,3,7
2018-01-15,4,17
2018-01-15,5,93
2018-01-16,1,6
2018-01-16,2,1
2018-01-16,3,4
2018-01-16,4,17
2018-01-16,5,94
2018-01-17,1,6
2018-01-17,2,1
2018-01-17,3,6
2018-01-17,4,17
2018-01-17,5,93
2018-01-18,1,10
2018-01-18,3,4
2018-01-18,4,16
2018-01-18,5,86
2018-01-19,1,4
2018-01-19,3,3
2018-01-19,4,11
2018-01-19,5,78
2018-01-20,1,10
2018-01-20,2,1
2018-01-20,3,3
2018-01-20,4,20
2018-01-20,5,83
2018-01-21,1,8
2018-01-21,2,3
2018-01-21,3,4
2018-01-21,4,17
2018-01-21,5,92
2018-01-22,1,10
2018-01-22,2,2
2018-01-22,3,5
2018-01-22,4,14
2018-01-22,5,78
2018-01-23,1,6
2018-01-23,2,3
2018-01-23,3,3
2018-01-23,4,14
2018-01-23,5,97
2018-01-24,1,5
2018-01-24,3,3
2018-01-24,4,19
2018-01-24,5,91
2018-01-25,1,5
2018-01-25,2,3
2018-01-25,3,1
2018-01-25,4,10
2018-01-25,5,94
2018-01-26,1,5
2018-01-26,2,2
2018-01-26,3,1
2018-01-26,4,10
2018-01-26,5,94
2018-01-27,1,8
2018-01-27,2,1
2018-01-27,3,5
2018-01-27,4,20
2018-01-27,5,80
2018-01-28,1,7
2018-01-28,2,2
2018-01-28,3,5
2018-01-28,4,14
2018-01-28,5,100
2018-01-29,1,10
2018-01-29,2,2
2018-01-29,3,3
2018-01-29,4,10
2018-01-29,5,89
2018-01-30,1,7
2018-01-30,2,1
2018-01-30,3,3
2018-01-30,4,12
2018-01-30,5,105
2018-01-31,1,5
2018-01-31,2,1
2018-01-31,3,5
2018-01-31,4,11
2018-01-31,5,90
2018-02-01,1,1
2018-02-01,2,2
2018-02-01,3,7
2018-02-01,4,11
2018-02-01,5,86
2018-02-02,1,8
2018-02-02,2,3
2018-02-02,3,1
2018-02-02,4,8
2018-02-02,5,87
2018-02-03,1,12
2018-02-03,2,1
2018-02-03,3,7
2018-02-03,4,7
2018-02-03,5,87
2018-02-04,1,8
2018-02-04,2,1
2018-02-04,3,3
2018-02-04,4,9
2018-02-04,5,92
2018-02-05,1,7
2018-02-05,2,2
2018-02-05,3,3
2018-02-05,4,13
2018-02-05,5,95
2018-02-06,1,9
2018-02-06,2,5
2018-02-06,3,4
2018-02-06,4,11
2018-02-06,5,94
2018-02-07,1,12
2018-02-07,2,1
2018-02-07,3,1
2018-02-07,4,18
2018-02-07,5,85
2018-02-08,1,5
2018-02-08,2,2
2018-02-08,3,2
2018-02-08,4,12
2018-02-08,5,89
2018-02-09,1,8
2018-02-09,2,3
2018-02-09,3,1
2018-02-09,4,10
2018-02-09,5,90
2018-02-10,1,6
2018-02-10,3,5
2018-02-10,4,13
2018-02-10,5,83
2018-02-11,1,4
2018-02-11,2,1
2018-02-11,3,8
2018-02-11,4,12
2018-02-11,5,104
2018-02-12,1,8
2018-02-12,2,4
2018-02-12,3,4
2018-02-12,4,17
2018-02-12,5,102
2018-02-13,1,1
2018-02-13,2,2
2018-02-13,3,4
2018-02-13,4,14
2018-02-13,5,100
2018-02-14,1,6
2018-02-14,2,1
2018-02-14,4,5
2018-02-14,5,77
2018-02-15,1,10
2018-02-15,2,2
2018-02-15,3,5
2018-02-15,4,10
2018-02-15,5,85
2018-02-16,1,20
2018-02-16,2,7
2018-02-16,3,9
2018-02-16,4,17
2018-02-16,5,85
2018-02-17,1,23
2018-02-17,2,2
2018-02-17,3,10
2018-02-17,4,13
2018-02-17,5,103
2018-02-18,1,6
2018-02-18,2,2
2018-02-18,3,5
2018-02-18,4,14
2018-02-18,5,68
2018-02-19,1,3
2018-02-19,2,3
2018-02-19,3,3
2018-02-19,4,20
2018-02-19,5,89
2018-02-20,1,6
2018-02-20,2,1
2018-02-20,3,7
2018-02-20,4,17
2018-02-20,5,92
2018-02-21,1,4
2018-02-21,2,1
2018-02-21,3,5
2018-02-21,4,10
2018-02-21,5,103
2018-02-22,1,9
2018-02-22,2,4
2018-02-22,3,4
2018-02-22,4,15
2018-02-22,5,90
2018-02-23,1,20
2018-02-23,3,6
2018-02-23,4,10
2018-02-23,5,91
2018-02-24,1,15
2018-02-24,2,7
2018-02-24,3,3
2018-02-24,4,11
2018-02-24,5,86
2018-02-25,1,4
2018-02-25,2,3
2018-02-25,3,6
2018-02-25,4,12
2018-02-25,5,88
2018-02-26,1,7
2018-02-26,3,4
2018-02-26,4,17
2018-02-26,5,101
2018-02-27,1,12
2018-02-27,2,5
2018-02-27,3,5
2018-02-27,4,16
2018-02-27,5,104
2018-02-28,1,8
2018-02-28,2,1
2018-02-28,3,5
2018-02-28,4,22
2018-02-28,5,93
2018-03-01,1,9
2018-03-01,2,3
2018-03-01,3,4
2018-03-01,4,11
2018-03-01,5,95
2018-03-02,1,7
2018-03-02,2,1
2018-03-02,3,2
2018-03-02,4,15
2018-03-02,5,81
2018-03-03,1,10
2018-03-03,2,2
2018-03-03,3,4
2018-03-03,4,15
2018-03-03,5,92
2018-03-04,1,8
2018-03-04,2,3
2018-03-04,3,6
2018-03-04,4,18
2018-03-04,5,88
2018-03-05,1,13
2018-03-05,2,1
2018-03-05,3,7
2018-03-05,4,13
2018-03-05,5,96
2018-03-06,1,9
2018-03-06,2,4
2018-03-06,3,11
2018-03-06,4,13
2018-03-06,5,89
2018-03-07,1,6
2018-03-07,2,3
2018-03-07,3,5
2018-03-07,4,10
2018-03-07,5,73
2018-03-08,1,17
2018-03-08,2,4
2018-03-08,3,13
2018-03-08,4,17
2018-03-08,5,90
2018-03-09,1,6
2018-03-09,2,1
2018-03-09,3,2
2018-03-09,4,15
2018-03-09,5,90
2018-03-10,1,16
2018-03-10,2,2
2018-03-10,3,3
2018-03-10,4,17
2018-03-10,5,94
2018-03-11,1,10
2018-03-11,2,1
2018-03-11,3,5
2018-03-11,4,20
2018-03-11,5,93
2018-03-12,1,6
2018-03-12,2,5
2018-03-12,3,1
2018-03-12,4,14
2018-03-12,5,91
2018-03-13,1,11
2018-03-13,2,1
2018-03-13,3,6
2018-03-13,4,7
2018-03-13,5,89
2018-03-14,1,10
2018-03-14,2,3
2018-03-14,3,7
2018-03-14,4,14
2018-03-14,5,74
2018-03-15,1,14
2018-03-15,2,2
2018-03-15,3,5
2018-03-15,4,24
2018-03-15,5,82
2018-03-16,1,6
2018-03-16,2,2
2018-03-16,3,4
2018-03-16,4,22
2018-03-16,5,87
2018-03-17,1,6
2018-03-17,3,2
2018-03-17,4,7
2018-03-17,5,90
2018-03-18,1,9
2018-03-18,2,4
2018-03-18,3,3
2018-03-18,4,15
2018-03-18,5,94
2018-03-19,1,6
2018-03-19,3,2
2018-03-19,4,10
2018-03-19,5,111
2018-03-20,1,7
2018-03-20,3,4
2018-03-20,4,17
2018-03-20,5,93
2018-03-21,1,4
2018-03-21,2,1
2018-03-21,3,2
2018-03-21,4,15
2018-03-21,5,87
2018-03-22,1,8
2018-03-22,2,1
2018-03-22,3,4
2018-03-22,4,18
2018-03-22,5,97
2018-03-23,1,7
2018-03-23,2,3
2018-03-23,3,5
2018-03-23,4,9
2018-03-23,5,94
2018-03-24,1,5
2018-03-24,3,4
2018-03-24,4,16
2018-03-24,5,88
2018-03-25,1,5
2018-03-25,3,4
2018-03-25,4,11
2018-03-25,5,99
2018-03-26,1,5
2018-03-26,2,1
2018-03-26,3,5
2018-03-26,4,14
2018-03-26,5,103
2018-03-27,1,5
2018-03-27,2,3
2018-03-27,3,3
2018-03-27,4,16
2018-03-27,5,89
2018-03-28,1,4
2018-03-28,2,2
2018-03-28,3,3
2018-03-28,4,10
2018-03-28,5,78
2018-03-29,1,9
2018-03-29,2,4
2018-03-29,3,7
2018-03-29,4,16
2018-03-29,5,98
2018-03-30,1,12
2018-03-30,2,1
2018-03-30,3,4
2018-03-30,4,10
2018-03-30,5,72
2018-03-31,1,10
2018-03-31,2,1
2018-03-31,3,3
2018-03-31,4,23
2018-03-31,5,92
2018-04-01,1,7
2018-04-01,3,1
2018-04-01,4,13
2018-04-01,5,89
2018-04-02,1,4
2018-04-02,2,2
2018-04-02,3,6
2018-04-02,4,16
2018-04-02,5,92
2018-04-03,1,4
2018-04-03,2,3
2018-04-03,3,5
2018-04-03,4,14
2018-04-03,5,70
2018-04-04,1,8
2018-04-04,4,11
2018-04-04,5,92
2018-04-05,1,4
2018-04-05,2,2
2018-04-05,3,5
2018-04-05,4,13
2018-04-05,5,87
2018-04-06,1,9
2018-04-06,3,8
2018-04-06,4,17
2018-04-06,5,99
2018-04-07,1,10
2018-04-07,2,1
2018-04-07,3,4
2018-04-07,4,16
2018-04-07,5,100
2018-04-08,1,9
2018-04-08,2,1
2018-04-08,3,2
2018-04-08,4,19
2018-04-08,5,107
2018-04-09,1,6
2018-04-09,2,2
2018-04-09,3,7
2018-04-09,4,8
2018-04-09,5,101
2018-04-10,1,9
2018-04-10,2,2
2018-04-10,3,8
2018-04-10,4,13
2018-04-10,5,104
2018-04-11,1,4
2018-04-11,2,2
2018-04-11,3,2
2018-04-11,4,9
2018-04-11,5,109
2018-04-12,1,16
2018-04-12,2,6
2018-04-12,3,4
2018-04-12,4,17
2018-04-12,5,94
2018-04-13,1,25
2018-04-13,2,6
2018-04-13,3,10
2018-04-13,4,23
2018-04-13,5,109
2018-04-14,1,20
2018-04-14,2,6
2018-04-14,3,5
2018-04-14,4,12
2018-04-14,5,107
2018-04-15,1,6
2018-04-15,2,1
2018-04-15,3,5
2018-04-15,4,23
2018-04-15,5,84
2018-04-16,1,6
2018-04-16,3,5
2018-04-16,4,13
2018-04-16,5,87
2018-04-17,1,7
2018-04-17,2,2
2018-04-17,3,3
2018-04-17,4,13
2018-04-17,5,78
2018-04-18,1,8
2018-04-18,3,7
2018-04-18,4,12
2018-04-18,5,70
2018-04-19,1,11
2018-04-19,2,3
2018-04-19,3,1
2018-04-19,4,8
2018-04-19,5,75
2018-04-20,1,6
2018-04-20,2,1
2018-04-20,3,4
2018-04-20,4,15
2018-04-20,5,69
2018-04-21,1,2
2018-04-21,3,2
2018-04-21,4,9
2018-04-21,5,72
2018-04-22,1,7
2018-04-22,2,2
2018-04-22,3,1
2018-04-22,4,13
2018-04-22,5,84
2018-04-23,1,10
2018-04-23,2,2
2018-04-23,3,3
2018-04-23,4,18
2018-04-23,5,73
2018-04-24,1,8
2018-04-24,2,3
2018-04-24,3,1
2018-04-24,4,14
2018-04-24,5,49
2018-04-25,1,8
2018-04-25,2,3
2018-04-25,3,3
2018-04-25,4,9
2018-04-25,5,75
2018-04-26,1,7
2018-04-26,2,2
2018-04-26,3,2
2018-04-26,4,16
2018-04-26,5,64
2018-04-27,1,3
2018-04-27,3,1
2018-04-27,4,15
2018-04-27,5,58
2018-04-28,1,8
2018-04-28,2,1
2018-04-28,3,1
2018-04-28,4,2
2018-04-28,5,23
2018-04-29,1,5
2018-04-29,5,9
2018-04-30,1,8
2018-04-30,2,1
2018-04-30,3,8
2018-04-30,4,10
2018-04-30,5,52
2018-05-01,1,3
2018-05-01,2,3
2018-05-01,3,4
2018-05-01,4,33
2018-05-01,5,142
2018-05-02,1,5
2018-05-02,3,2
2018-05-02,4,15
2018-05-02,5,92
2018-05-03,1,3
2018-05-03,2,3
2018-05-03,3,2
2018-05-03,4,21
2018-05-03,5,72
2018-05-04,1,2
2018-05-04,3,4
2018-05-04,4,7
2018-05-04,5,68
2018-05-05,1,5
2018-05-05,2,2
2018-05-05,3,3
2018-05-05,4,14
2018-05-05,5,70
2018-05-06,1,2
2018-05-06,2,1
2018-05-06,3,3
2018-05-06,4,15
2018-05-06,5,77
2018-05-07,1,3
2018-05-07,3,3
2018-05-07,4,14
2018-05-07,5,78
2018-05-08,1,9
2018-05-08,2,1
2018-05-08,3,6
2018-05-08,4,12
2018-05-08,5,56
2018-05-09,1,2
2018-05-09,2,1
2018-05-09,3,2
2018-05-09,4,11
2018-05-09,5,62
2018-05-10,1,2
2018-05-10,2,2
2018-05-10,3,4
2018-05-10,4,10
2018-05-10,5,64
2018-05-11,1,5
2018-05-11,2,1
2018-05-11,3,7
2018-05-11,4,13
2018-05-11,5,57
2018-05-12,1,5
2018-05-12,2,1
2018-05-12,3,4
2018-05-12,4,12
2018-05-12,5,58
2018-05-13,1,5
2018-05-13,3,4
2018-05-13,4,10
2018-05-13,5,71
2018-05-14,1,5
2018-05-14,3,7
2018-05-14,4,12
2018-05-14,5,83
2018-05-15,1,5
2018-05-15,2,2
2018-05-15,3,8
2018-05-15,4,9
2018-05-15,5,67
2018-05-16,1,11
2018-05-16,2,3
2018-05-16,3,6
2018-05-16,4,10
2018-05-16,5,81
2018-05-17,1,8
2018-05-17,2,2
2018-05-17,3,2
2018-05-17,4,11
2018-05-17,5,75
2018-05-18,1,5
2018-05-18,2,1
2018-05-18,3,7
2018-05-18,4,12
2018-05-18,5,58
2018-05-19,1,6
2018-05-19,2,1
2018-05-19,4,14
2018-05-19,5,91
2018-05-20,1,5
2018-05-20,3,3
2018-05-20,4,11
2018-05-20,5,93
2018-05-21,1,3
2018-05-21,2,2
2018-05-21,3,3
2018-05-21,4,9
2018-05-21,5,76
2018-05-22,1,5
2018-05-22,3,5
2018-05-22,4,14
2018-05-22,5,84
2018-05-23,1,6
2018-05-23,2,1
2018-05-23,3,3
2018-05-23,4,11
2018-05-23,5,72
2018-05-24,1,6
2018-05-24,2,1
2018-05-24,3,6
2018-05-24,4,11
2018-05-24,5,72
2018-05-25,1,5
2018-05-25,2,2
2018-05-25,3,3
2018-05-25,4,11
2018-05-25,5,75
2018-05-26,1,9
2018-05-26,2,1
2018-05-26,3,6
2018-05-26,4,16
2018-05-26,5,74
2018-05-27,1,4
2018-05-27,2,3
2018-05-27,3,1
2018-05-27,4,12
2018-05-27,5,90
2018-05-28,1,6
2018-05-28,3,4
2018-05-28,4,11
2018-05-28,5,75
2018-05-29,1,3
2018-05-29,2,2
2018-05-29,3,1
2018-05-29,4,13
2018-05-29,5,62
2018-05-30,1,3
2018-05-30,2,1
2018-05-30,3,4
2018-05-30,4,7
2018-05-30,5,67
2018-05-31,1,7
2018-05-31,2,1
2018-05-31,3,4
2018-05-31,4,5
2018-05-31,5,63
2018-06-01,1,7
2018-06-01,2,1
2018-06-01,3,2
2018-06-01,4,11
2018-06-01,5,68
2018-06-02,1,8
2018-06-02,2,1
2018-06-02,3,1
2018-06-02,4,9
2018-06-02,5,68
2018-06-03,1,9
2018-06-03,2,1
2018-06-03,3,2
2018-06-03,4,17
2018-06-03,5,61
2018-06-04,1,6
2018-06-04,2,2
2018-06-04,3,7
2018-06-04,4,7
2018-06-04,5,83
2018-06-05,1,5
2018-06-05,2,2
2018-06-05,4,13
2018-06-05,5,88
2018-06-06,1,8
2018-06-06,3,4
2018-06-06,4,9
2018-06-06,5,80
2018-06-07,1,7
2018-06-07,2,3
2018-06-07,3,3
2018-06-07,4,15
2018-06-07,5,62
2018-06-08,1,9
2018-06-08,2,1
2018-06-08,3,6
2018-06-08,4,9
2018-06-08,5,70
2018-06-09,1,6
2018-06-09,3,4
2018-06-09,4,10
2018-06-09,5,76
2018-06-10,1,9
2018-06-10,2,2
2018-06-10,3,4
2018-06-10,4,12
2018-06-10,5,88
2018-06-11,1,4
2018-06-11,2,3
2018-06-11,3,3
2018-06-11,4,14
2018-06-11,5,91
2018-06-12,1,8
2018-06-12,2,4
2018-06-12,3,3
2018-06-12,4,16
2018-06-12,5,82
2018-06-13,1,6
2018-06-13,2,1
2018-06-13,3,2
2018-06-13,4,11
2018-06-13,5,73
2018-06-14,1,3
2018-06-14,2,2
2018-06-14,3,5
2018-06-14,4,16
2018-06-14,5,87
2018-06-15,1,5
2018-06-15,2,2
2018-06-15,3,5
2018-06-15,4,10
2018-06-15,5,70
2018-06-16,1,7
2018-06-16,2,1
2018-06-16,3,5
2018-06-16,4,8
2018-06-16,5,69
2018-06-17,1,9
2018-06-17,2,3
2018-06-17,3,3
2018-06-17,4,12
2018-06-17,5,103
2018-06-18,1,9
2018-06-18,3,2
2018-06-18,4,7
2018-06-18,5,83
2018-06-19,1,11
2018-06-19,2,2
2018-06-19,3,6
2018-06-19,4,8
2018-06-19,5,76
2018-06-20,1,5
2018-06-20,3,6
2018-06-20,4,15
2018-06-20,5,83
2018-06-21,1,4
2018-06-21,3,4
2018-06-21,4,8
2018-06-21,5,82
2018-06-22,1,8
2018-06-22,2,1
2018-06-22,3,5
2018-06-22,4,8
2018-06-22,5,83
2018-06-23,1,6
2018-06-23,2,1
2018-06-23,3,1
2018-06-23,4,10
2018-06-23,5,79
2018-06-24,1,9
2018-06-24,2,1
2018-06-24,3,5
2018-06-24,4,18
2018-06-24,5,84
2018-06-25,1,5
2018-06-25,2,1
2018-06-25,3,5
2018-06-25,4,13
2018-06-25,5,104
2018-06-26,1,2
2018-06-26,2,1
2018-06-26,3,5
2018-06-26,4,11
2018-06-26,5,80
2018-06-27,1,5
2018-06-27,2,1
2018-06-27,3,7
2018-06-27,4,11
2018-06-27,5,85
2018-06-28,1,9
2018-06-28,3,2
2018-06-28,4,18
2018-06-28,5,89
2018-06-29,1,14
2018-06-29,2,2
2018-06-29,3,9
2018-06-29,4,8
2018-06-29,5,85
2018-06-30,1,6
2018-06-30,3,7
2018-06-30,4,16
2018-06-30,5,82
2018-07-01,1,17
2018-07-01,2,3
2018-07-01,3,2
2018-07-01,4,13
2018-07-01,5,69
2018-07-02,1,4
2018-07-02,2,1
2018-07-02,3,1
2018-07-02,4,17
2018-07-02,5,88
2018-07-03,1,6
2018-07-03,2,1
2018-07-03,3,2
2018-07-03,4,8
2018-07-03,5,87
2018-07-04,1,5
2018-07-04,2,2
2018-07-04,3,5
2018-07-04,4,9
2018-07-04,5,78
2018-07-05,1,4
2018-07-05,3,3
2018-07-05,4,8
2018-07-05,5,56
2018-07-06,1,7
2018-07-06,2,2
2018-07-06,3,2
2018-07-06,4,13
2018-07-06,5,64
2018-07-07,1,2
2018-07-07,2,2
2018-07-07,3,2
2018-07-07,4,10
2018-07-07,5,68
2018-07-08,1,5
2018-07-08,3,3
2018-07-08,4,15
2018-07-08,5,68
2018-07-09,1,5
2018-07-09,2,1
2018-07-09,3,2
2018-07-09,4,15
2018-07-09,5,84
2018-07-10,1,3
2018-07-10,2,2
2018-07-10,3,1
2018-07-10,4,12
2018-07-10,5,83
2018-07-11,1,5
2018-07-11,2,1
2018-07-11,3,2
2018-07-11,4,22
2018-07-11,5,84
2018-07-12,1,5
2018-07-12,2,1
2018-07-12,3,6
2018-07-12,4,12
2018-07-12,5,84
2018-07-13,1,7
2018-07-13,2,1
2018-07-13,3,1
2018-07-13,4,7
2018-07-13,5,73
2018-07-14,1,7
2018-07-14,2,1
2018-07-14,3,9
2018-07-14,4,13
2018-07-14,5,82
2018-07-15,1,8
2018-07-15,2,1
2018-07-15,3,4
2018-07-15,4,14
2018-07-15,5,93
2018-07-16,1,4
2018-07-16,2,6
2018-07-16,3,2
2018-07-16,4,14
2018-07-16,5,98
2018-07-17,1,12
2018-07-17,2,4
2018-07-17,3,1
2018-07-17,4,15
2018-07-17,5,105
2018-07-18,1,7
2018-07-18,2,2
2018-07-18,4,20
2018-07-18,5,91
2018-07-19,1,5
2018-07-19,2,1
2018-07-19,3,5
2018-07-19,4,12
2018-07-19,5,85
2018-07-20,1,12
2018-07-20,2,3
2018-07-20,3,4
2018-07-20,4,9
2018-07-20,5,78
2018-07-21,1,9
2018-07-21,2,3
2018-07-21,3,2
2018-07-21,4,9
2018-07-21,5,96
2018-07-22,1,8
2018-07-22,2,1
2018-07-22,3,2
2018-07-22,4,14
2018-07-22,5,98
2018-07-23,1,4
2018-07-23,2,3
2018-07-23,3,8
2018-07-23,4,17
2018-07-23,5,95
2018-07-24,1,10
2018-07-24,2,1
2018-07-24,3,4
2018-07-24,4,10
2018-07-24,5,83
2018-07-25,1,2
2018-07-25,3,4
2018-07-25,4,19
2018-07-25,5,89
2018-07-26,1,5
2018-07-26,2,1
2018-07-26,3,4
2018-07-26,4,11
2018-07-26,5,78
2018-07-27,1,7
2018-07-27,2,3
2018-07-27,3,5
2018-07-27,4,11
2018-07-27,5,82
2018-07-28,1,7
2018-07-28,2,1
2018-07-28,3,7
2018-07-28,4,10
2018-07-28,5,106
2018-07-29,1,5
2018-07-29,2,2
2018-07-29,3,4
2018-07-29,4,12
2018-07-29,5,92
2018-07-30,1,5
2018-07-30,3,2
2018-07-30,4,17
2018-07-30,5,91
2018-07-31,1,3
2018-07-31,2,1
2018-07-31,3,3
2018-07-31,4,16
2018-07-31,5,81
2018-08-01,1,4
2018-08-01,3,1
2018-08-01,4,12
2018-08-01,5,82
2018-08-02,1,5
2018-08-02,2,1
2018-08-02,3,5
2018-08-02,4,13
2018-08-02,5,86
2018-08-03,1,2
2018-08-03,2,1
2018-08-03,3,5
2018-08-03,4,11
2018-08-03,5,72
2018-08-04,1,10
2018-08-04,2,2
2018-08-04,3,5
2018-08-04,4,11
2018-08-04,5,78
2018-08-05,1,8
2018-08-05,2,2
2018-08-05,3,5
2018-08-05,4,8
2018-08-05,5,116
2018-08-06,1,9
2018-08-06,2,2
2018-08-06,3,4
2018-08-06,4,15
2018-08-06,5,92
2018-08-07,1,11
2018-08-07,2,3
2018-08-07,3,4
2018-08-07,4,14
2018-08-07,5,91
2018-08-08,1,11
2018-08-08,3,3
2018-08-08,4,14
2018-08-08,5,94
2018-08-09,1,7
2018-08-09,3,6
2018-08-09,4,13
2018-08-09,5,93
2018-08-10,1,8
2018-08-10,2,1
2018-08-10,3,3
2018-08-10,4,11
2018-08-10,5,97
2018-08-11,1,9
2018-08-11,2,1
2018-08-11,3,3
2018-08-11,4,15
2018-08-11,5,77
2018-08-12,1,7
2018-08-12,2,1
2018-08-12,3,3
2018-08-12,4,21
2018-08-12,5,108
2018-08-13,1,7
2018-08-13,2,4
2018-08-13,3,1
2018-08-13,4,10
2018-08-13,5,94
2018-08-14,1,9
2018-08-14,2,4
2018-08-14,3,2
2018-08-14,4,13
2018-08-14,5,71
2018-08-15,1,9
2018-08-15,2,2
2018-08-15,3,4
2018-08-15,4,19
2018-08-15,5,102
2018-08-16,1,7
2018-08-16,2,4
2018-08-16,3,6
2018-08-16,4,13
2018-08-16,5,113
2018-08-17,1,9
2018-08-17,2,2
2018-08-17,3,2
2018-08-17,4,15
2018-08-17,5,81
2018-08-18,3,1
2018-08-18,4,7
2018-08-18,5,101
2018-08-19,1,5
2018-08-19,2,1
2018-08-19,3,3
2018-08-19,4,14
2018-08-19,5,124
2018-08-20,1,5
2018-08-20,2,3
2018-08-20,3,3
2018-08-20,4,18
2018-08-20,5,107
2018-08-21,1,2
2018-08-21,2,1
2018-08-21,3,6
2018-08-21,4,9
2018-08-21,5,104
2018-08-22,1,5
2018-08-22,2,3
2018-08-22,3,1
2018-08-22,4,19
2018-08-22,5,97
2018-08-23,1,6
2018-08-23,2,2
2018-08-23,3,4
2018-08-23,4,11
2018-08-23,5,91
2018-08-24,1,5
2018-08-24,2,3
2018-08-24,3,4
2018-08-24,4,14
2018-08-24,5,90
2018-08-25,1,17
2018-08-25,2,1
2018-08-25,3,4
2018-08-25,4,16
2018-08-25,5,88
2018-08-26,1,10
2018-08-26,2,2
2018-08-26,3,7
2018-08-26,4,19
2018-08-26,5,134
2018-08-27,1,9
2018-08-27,2,2
2018-08-27,3,5
2018-08-27,4,8
2018-08-27,5,106
2018-08-28,1,23
2018-08-28,2,7
2018-08-28,3,5
2018-08-28,4,18
2018-08-28,5,92
2018-08-29,1,7
2018-08-29,2,1
2018-08-29,3,6
2018-08-29,4,16
2018-08-29,5,94
2018-08-30,1,9
2018-08-30,2,1
2018-08-30,3,2
2018-08-30,4,16
2018-08-30,5,87
2018-08-31,1,5
2018-08-31,2,1
2018-08-31,3,2
2018-08-31,4,15
2018-08-31,5,81
2018-09-01,1,7
2018-09-01,2,1
2018-09-01,3,8
2018-09-01,4,14
2018-09-01,5,101
2018-09-02,1,10
2018-09-02,3,6
2018-09-02,4,9
2018-09-02,5,97
2018-09-03,1,8
2018-09-03,2,2
2018-09-03,3,7
2018-09-03,4,21
2018-09-03,5,80
2018-09-04,1,4
2018-09-04,3,3
2018-09-04,4,8
2018-09-04,5,107
2018-09-05,1,7
2018-09-05,2,4
2018-09-05,3,1
2018-09-05,4,15
2018-09-05,5,83
2018-09-06,1,7
2018-09-06,2,2
2018-09-06,3,1
2018-09-06,4,8
2018-09-06,5,95
2018-09-07,1,5
2018-09-07,3,5
2018-09-07,4,7
2018-09-07,5,78
2018-09-08,1,5
2018-09-08,2,1
2018-09-08,3,6
2018-09-08,4,18
2018-09-08,5,77
2018-09-09,1,9
2018-09-09,2,1
2018-09-09,3,5
2018-09-09,4,14
2018-09-09,5,92
2018-09-10,1,1
2018-09-10,2,4
2018-09-10,3,1
2018-09-10,4,8
2018-09-10,5,85
2018-09-11,1,9
2018-09-11,2,5
2018-09-11,3,5
2018-09-11,4,11
2018-09-11,5,88
2018-09-12,1,6
2018-09-12,2,1
2018-09-12,3,5
2018-09-12,4,13
2018-09-12,5,86
2018-09-13,1,18
2018-09-13,2,6
2018-09-13,3,8
2018-09-13,4,13
2018-09-13,5,109
2018-09-14,1,9
2018-09-14,2,4
2018-09-14,3,9
2018-09-14,4,25
2018-09-14,5,109
2018-09-15,1,6
2018-09-15,2,3
2018-09-15,3,2
2018-09-15,4,21
2018-09-15,5,121
2018-09-16,1,9
2018-09-16,3,2
2018-09-16,4,14
2018-09-16,5,121
2018-09-17,1,10
2018-09-17,2,1
2018-09-17,3,2
2018-09-17,4,15
2018-09-17,5,88
2018-09-18,1,12
2018-09-18,3,4
2018-09-18,4,19
2018-09-18,5,110
2018-09-19,1,15
2018-09-19,2,1
2018-09-19,3,5
2018-09-19,4,16
2018-09-19,5,119
2018-09-20,1,11
2018-09-20,2,2
2018-09-20,3,3
2018-09-20,4,13
2018-09-20,5,108
2018-09-21,1,7
2018-09-21,2,3
2018-09-21,3,4
2018-09-21,4,8
2018-09-21,5,91
2018-09-22,1,6
2018-09-22,2,4
2018-09-22,3,3
2018-09-22,4,16
2018-09-22,5,101
2018-09-23,1,10
2018-09-23,2,1
2018-09-23,3,3
2018-09-23,4,17
2018-09-23,5,100
2018-09-24,1,3
2018-09-24,2,1
2018-09-24,3,7
2018-09-24,4,10
2018-09-24,5,86
2018-09-25,1,15
2018-09-25,2,3
2018-09-25,3,6
2018-09-25,4,13
2018-09-25,5,100
2018-09-26,1,3
2018-09-26,2,1
2018-09-26,3,6
2018-09-26,4,21
2018-09-26,5,90
2018-09-27,1,7
2018-09-27,2,1
2018-09-27,3,5
2018-09-27,4,12
2018-09-27,5,82
2018-09-28,1,12
2018-09-28,2,1
2018-09-28,3,6
2018-09-28,4,16
2018-09-28,5,86
2018-09-29,1,3
2018-09-29,3,2
2018-09-29,4,16
2018-09-29,5,82
2018-09-30,1,8
2018-09-30,2,2
2018-09-30,3,3
2018-09-30,4,18
2018-09-30,5,98
2018-10-01,1,6
2018-10-01,2,1
2018-10-01,3,8
2018-10-01,4,13
2018-10-01,5,85
2018-10-02,1,10
2018-10-02,3,2
2018-10-02,4,16
2018-10-02,5,101
2018-10-03,1,10
2018-10-03,2,2
2018-10-03,3,2
2018-10-03,4,11
2018-10-03,5,76
2018-10-04,1,9
2018-10-04,2,1
2018-10-04,3,5
2018-10-04,4,7
2018-10-04,5,101
2018-10-05,1,5
2018-10-05,2,1
2018-10-05,3,6
2018-10-05,4,14
2018-10-05,5,113
2018-10-06,1,14
2018-10-06,2,2
2018-10-06,3,6
2018-10-06,4,19
2018-10-06,5,87
2018-10-07,1,6
2018-10-07,3,5
2018-10-07,4,17
2018-10-07,5,104
2018-10-08,1,7
2018-10-08,2,3
2018-10-08,3,5
2018-10-08,4,15
2018-10-08,5,109
2018-10-09,1,13
2018-10-09,3,9
2018-10-09,4,18
2018-10-09,5,101
2018-10-10,1,6
2018-10-10,2,3
2018-10-10,3,5
2018-10-10,4,7
2018-10-10,5,95
2018-10-11,1,5
2018-10-11,3,2
2018-10-11,4,12
2018-10-11,5,90
2018-10-12,1,10
2018-10-12,2,1
2018-10-12,3,5
2018-10-12,4,19
2018-10-12,5,107
2018-10-13,1,9
2018-10-13,3,8
2018-10-13,4,18
2018-10-13,5,93
2018-10-14,1,8
2018-10-14,2,1
2018-10-14,3,6
2018-10-14,4,20
2018-10-14,5,114
2018-10-15,1,7
2018-10-15,3,3
2018-10-15,4,15
2018-10-15,5,90
2018-10-16,1,7
2018-10-16,2,2
2018-10-16,3,2
2018-10-16,4,12
2018-10-16,5,110
2018-10-17,1,8
2018-10-17,2,3
2018-10-17,3,2
2018-10-17,4,14
2018-10-17,5,89
2018-10-18,1,7
2018-10-18,2,2
2018-10-18,3,11
2018-10-18,4,13
2018-10-18,5,98
2018-10-19,1,7
2018-10-19,2,2
2018-10-19,3,5
2018-10-19,4,11
2018-10-19,5,107
2018-10-20,1,10
2018-10-20,2,5
2018-10-20,3,6
2018-10-20,4,6
2018-10-20,5,84
2018-10-21,1,14
2018-10-21,2,1
2018-10-21,3,6
2018-10-21,4,9
2018-10-21,5,95
2018-10-22,1,10
2018-10-22,2,1
2018-10-22,3,4
2018-10-22,4,14
2018-10-22,5,88
2018-10-23,1,3
2018-10-23,2,1
2018-10-23,3,5
2018-10-23,4,13
2018-10-23,5,82
2018-10-24,1,7
2018-10-24,2,2
2018-10-24,3,3
2018-10-24,4,19
2018-10-24,5,101
2018-10-25,1,8
2018-10-25,2,2
2018-10-25,3,3
2018-10-25,4,13
2018-10-25,5,63
2018-10-26,1,6
2018-10-26,2,2
2018-10-26,3,2
2018-10-26,4,12
2018-10-26,5,94
2018-10-27,1,9
2018-10-27,2,2
2018-10-27,3,7
2018-10-27,4,12
2018-10-27,5,87
2018-10-28,1,8
2018-10-28,2,1
2018-10-28,3,1
2018-10-28,4,15
2018-10-28,5,82
2018-10-29,1,4
2018-10-29,2,2
2018-10-29,3,5
2018-10-29,4,12
2018-10-29,5,98
2018-10-30,1,5
2018-10-30,2,3
2018-10-30,3,1
2018-10-30,4,10
2018-10-30,5,103
2018-10-31,1,11
2018-10-31,2,2
2018-10-31,3,2
2018-10-31,4,13
2018-10-31,5,97
2018-11-01,1,7
2018-11-01,2,2
2018-11-01,3,3
2018-11-01,4,12
2018-11-01,5,86
2018-11-02,1,7
2018-11-02,2,1
2018-11-02,4,9
2018-11-02,5,73
2018-11-03,1,9
2018-11-03,2,1
2018-11-03,3,3
2018-11-03,4,10
2018-11-03,5,90
2018-11-04,1,8
2018-11-04,2,3
2018-11-04,3,3
2018-11-04,4,10
2018-11-04,5,101
2018-11-05,1,5
2018-11-05,2,1
2018-11-05,4,12
2018-11-05,5,89
2018-11-06,1,10
2018-11-06,2,1
2018-11-06,3,4
2018-11-06,4,12
2018-11-06,5,94
2018-11-07,1,8
2018-11-07,2,2
2018-11-07,3,7
2018-11-07,4,16
2018-11-07,5,97
2018-11-08,1,7
2018-11-08,3,4
2018-11-08,4,14
2018-11-08,5,87
2018-11-09,1,14
2018-11-09,3,3
2018-11-09,4,9
2018-11-09,5,84
2018-11-10,1,9
2018-11-10,3,3
2018-11-10,4,12
2018-11-10,5,98
2018-11-11,1,6
2018-11-11,2,4
2018-11-11,3,4
2018-11-11,4,17
2018-11-11,5,102
2018-11-12,1,12
2018-11-12,2,1
2018-11-12,3,2
2018-11-12,4,11
2018-11-12,5,82
2018-11-13,1,13
2018-11-13,2,4
2018-11-13,3,1
2018-11-13,4,13
2018-11-13,5,79
2018-11-14,1,9
2018-11-14,2,2
2018-11-14,3,4
2018-11-14,4,19
2018-11-14,5,91
2018-11-15,1,6
2018-11-15,3,3
2018-11-15,4,16
2018-11-15,5,90
2018-11-16,1,18
2018-11-16,2,2
2018-11-16,3,5
2018-11-16,4,19
2018-11-16,5,126
2018-11-17,1,4
2018-11-17,2,3
2018-11-17,3,3
2018-11-17,4,15
2018-11-17,5,105
2018-11-18,1,12
2018-11-18,2,2
2018-11-18,3,9
2018-11-18,4,11
2018-11-18,5,102
2018-11-19,1,17
2018-11-19,2,2
2018-11-19,3,5
2018-11-19,4,11
2018-11-19,5,82
2018-11-20,1,8
2018-11-20,2,1
2018-11-20,3,2
2018-11-20,4,10
2018-11-20,5,78
2018-11-21,1,3
2018-11-21,2,1
2018-11-21,3,3
2018-11-21,4,10
2018-11-21,5,77
2018-11-22,1,6
2018-11-22,2,2
2018-11-22,3,3
2018-11-22,4,9
2018-11-22,5,91
2018-11-23,1,9
2018-11-23,2,2
2018-11-23,4,12
2018-11-23,5,72
2018-11-24,1,10
2018-11-24,2,3
2018-11-24,3,3
2018-11-24,4,4
2018-11-24,5,61
2018-11-25,1,11
2018-11-25,3,3
2018-11-25,4,12
2018-11-25,5,78
2018-11-26,1,5
2018-11-26,2,2
2018-11-26,3,3
2018-11-26,4,12
2018-11-26,5,89
2018-11-27,1,10
2018-11-27,2,1
2018-11-27,3,3
2018-11-27,4,7
2018-11-27,5,84
2018-11-28,1,7
2018-11-28,2,2
2018-11-28,3,3
2018-11-28,4,12
2018-11-28,5,75
2018-11-29,1,7
2018-11-29,2,2
2018-11-29,3,4
2018-11-29,4,9
2018-11-29,5,87
2018-11-30,1,7
2018-11-30,2,1
2018-11-30,3,3
2018-11-30,4,8
2018-11-30,5,76
2018-12-01,1,6
2018-12-01,3,2
2018-12-01,4,9
2018-12-01,5,69
2018-12-02,1,5
2018-12-02,2,1
2018-12-02,3,3
2018-12-02,4,11
2018-12-02,5,91
2018-12-03,1,3
2018-12-03,2,4
2018-12-03,3,4
2018-12-03,4,13
2018-12-03,5,86
2018-12-04,1,6
2018-12-04,2,4
2018-12-04,3,3
2018-12-04,4,8
2018-12-04,5,76
2018-12-05,1,4
2018-12-05,2,3
2018-12-05,3,6
2018-12-05,4,14
2018-12-05,5,74
2018-12-06,1,10
2018-12-06,2,1
2018-12-06,4,12
2018-12-06,5,82
2018-12-07,1,5
2018-12-07,2,1
2018-12-07,3,5
2018-12-07,4,4
2018-12-07,5,76
2018-12-08,1,12
2018-12-08,2,3
2018-12-08,3,1
2018-12-08,4,14
2018-12-08,5,75
2018-12-09,1,11
2018-12-09,2,1
2018-12-09,3,5
2018-12-09,4,12
2018-12-09,5,87
2018-12-10,1,6
2018-12-10,2,2
2018-12-10,3,3
2018-12-10,4,15
2018-12-10,5,85
2018-12-11,1,9
2018-12-11,2,1
2018-12-11,3,3
2018-12-11,4,6
2018-12-11,5,78
2018-12-12,1,8
2018-12-12,2,3
2018-12-12,3,4
2018-12-12,4,12
2018-12-12,5,77
2018-12-13,1,4
2018-12-13,3,5
2018-12-13,4,6
2018-12-13,5,65
2018-12-14,1,6
2018-12-14,2,1
2018-12-14,3,3
2018-12-14,4,13
2018-12-14,5,61
2018-12-15,1,5
2018-12-15,4,10
2018-12-15,5,67
2018-12-16,1,6
2018-12-16,3,5
2018-12-16,4,11
2018-12-16,5,80
2018-12-17,1,13
2018-12-17,2,2
2018-12-17,3,2
2018-12-17,4,9
2018-12-17,5,86
2018-12-18,1,9
2018-12-18,2,4
2018-12-18,3,3
2018-12-18,4,4
2018-12-18,5,52
2018-12-19,1,12
2018-12-19,2,2
2018-12-19,3,1
2018-12-19,4,13
2018-12-19,5,35
2018-12-20,1,10
2018-12-20,2,1
2018-12-20,3,2
2018-12-20,4,7
2018-12-20,5,46
2018-12-21,1,3
2018-12-21,2,1
2018-12-21,3,1
2018-12-21,4,7
2018-12-21,5,48
2018-12-22,1,13
2018-12-22,2,1
2018-12-22,3,1
2018-12-22,4,7
2018-12-22,5,44
2018-12-23,1,3
2018-12-23,2,6
2018-12-23,4,11
2018-12-23,5,60
2018-12-24,1,4
2018-12-24,2,1
2018-12-24,3,5
2018-12-24,4,7
2018-12-24,5,40
2018-12-25,1,5
2018-12-25,3,2
2018-12-25,4,6
2018-12-25,5,49
2018-12-26,1,11
2018-12-26,2,1
2018-12-26,4,6
2018-12-26,5,41
2018-12-27,1,8
2018-12-27,2,1
2018-12-27,3,1
2018-12-27,4,10
2018-12-27,5,50
2018-12-28,1,6
2018-12-28,2,1
2018-12-28,3,4
2018-12-28,4,7
2018-12-28,5,42
2018-12-29,1,7
2018-12-29,2,2
2018-12-29,3,2
2018-12-29,4,4
2018-12-29,5,52
2018-12-30,1,8
2018-12-30,2,2
2018-12-30,3,4
2018-12-30,4,14
2018-12-30,5,52
2018-12-31,1,5
2018-12-31,3,4
2018-12-31,4,11
2018-12-31,5,50
2019-01-01,1,4
2019-01-01,2,1
2019-01-01,3,2
2019-01-01,4,9
2019-01-01,5,54
2019-01-02,1,5
2019-01-02,2,1
2019-01-02,3,1
2019-01-02,4,6
2019-01-02,5,59
2019-01-03,1,13
2019-01-03,2,1
2019-01-03,3,3
2019-01-03,4,4
2019-01-03,5,65
2019-01-04,1,6
2019-01-04,2,1
2019-01-04,4,7
2019-01-04,5,65
2019-01-05,1,7
2019-01-05,2,3
2019-01-05,3,2
2019-01-05,4,10
2019-01-05,5,55
2019-01-06,1,3
2019-01-06,2,3
2019-01-06,3,6
2019-01-06,4,11
2019-01-06,5,71
2019-01-07,1,2
2019-01-07,3,2
2019-01-07,4,5
2019-01-07,5,54
2019-01-08,1,10
2019-01-08,3,2
2019-01-08,4,10
2019-01-08,5,59
2019-01-09,1,7
2019-01-09,2,1
2019-01-09,3,1
2019-01-09,4,7
2019-01-09,5,48
2019-01-10,1,7
2019-01-10,2,2
2019-01-10,3,1
2019-01-10,4,8
2019-01-10,5,41
2019-01-11,1,4
2019-01-11,2,1
2019-01-11,4,6
2019-01-11,5,45
2019-01-12,1,7
2019-01-12,2,2
2019-01-12,4,11
2019-01-12,5,45
2019-01-13,1,7
2019-01-13,2,2
2019-01-13,3,2
2019-01-13,4,7
2019-01-13,5,50
2019-01-14,1,12
2019-01-14,2,3
2019-01-14,3,3
2019-01-14,4,2
2019-01-14,5,61
2019-01-15,1,11
2019-01-15,3,3
2019-01-15,4,4
2019-01-15,5,48
2019-01-16,1,12
2019-01-16,2,1
2019-01-16,3,1
2019-01-16,4,3
2019-01-16,5,41
2019-01-17,1,7
2019-01-17,2,2
2019-01-17,3,4
2019-01-17,4,6
2019-01-17,5,68
2019-01-18,1,11
2019-01-18,2,4
2019-01-18,3,1
2019-01-18,4,2
2019-01-18,5,59
2019-01-19,1,8
2019-01-19,2,3
2019-01-19,4,11
2019-01-19,5,56
2019-01-20,1,4
2019-01-20,2,4
2019-01-20,3,4
2019-01-20,4,8
2019-01-20,5,62
2019-01-21,1,5
2019-01-21,2,1
2019-01-21,3,3
2019-01-21,4,5
2019-01-21,5,43
2019-01-22,1,7
2019-01-22,2,2
2019-01-22,3,3
2019-01-22,4,5
2019-01-22,5,58
2019-01-23,1,7
2019-01-23,3,7
2019-01-23,4,6
2019-01-23,5,50
2019-01-24,1,6
2019-01-24,2,3
2019-01-24,3,3
2019-01-24,4,10
2019-01-24,5,48
2019-01-25,1,11
2019-01-25,2,3
2019-01-25,3,2
2019-01-25,4,6
2019-01-25,5,53
2019-01-26,1,3
2019-01-26,2,2
2019-01-26,3,1
2019-01-26,4,14
2019-01-26,5,49
2019-01-27,1,14
2019-01-27,3,8
2019-01-27,4,6
2019-01-27,5,67
2019-01-28,1,4
2019-01-28,2,3
2019-01-28,3,2
2019-01-28,4,6
2019-01-28,5,57
2019-01-29,1,6
2019-01-29,3,1
2019-01-29,4,10
2019-01-29,5,47
2019-01-30,1,6
2019-01-30,2,1
2019-01-30,3,1
2019-01-30,4,8
2019-01-30,5,48
2019-01-31,1,10
2019-01-31,2,1
2019-01-31,3,3
2019-01-31,4,2
2019-01-31,5,48
2019-02-01,1,7
2019-02-01,3,2
2019-02-01,4,14
2019-02-01,5,73
2019-02-02,1,6
2019-02-02,3,1
2019-02-02,4,7
2019-02-02,5,82
2019-02-03,1,11
2019-02-03,3,4
2019-02-03,4,5
2019-02-03,5,76
2019-02-04,1,7
2019-02-04,2,2
2019-02-04,3,3
2019-02-04,4,9
2019-02-04,5,66
2019-02-05,1,6
2019-02-05,2,2
2019-02-05,3,6
2019-02-05,4,11
2019-02-05,5,91
2019-02-06,1,8
2019-02-06,2,1
2019-02-06,3,10
2019-02-06,4,13
2019-02-06,5,103
2019-02-07,1,9
2019-02-07,2,1
2019-02-07,3,5
2019-02-07,4,9
2019-02-07,5,105
2019-02-08,1,9
2019-02-08,2,1
2019-02-08,3,4
2019-02-08,4,12
2019-02-08,5,108
2019-02-09,1,12
2019-02-09,2,1
2019-02-09,3,10
2019-02-09,4,21
2019-02-09,5,117
2019-02-10,1,5
2019-02-10,3,4
2019-02-10,4,12
2019-02-10,5,123
2019-02-11,1,6
2019-02-11,2,2
2019-02-11,3,3
2019-02-11,4,17
2019-02-11,5,136
2019-02-12,1,6
2019-02-12,2,6
2019-02-12,3,7
2019-02-12,4,13
2019-02-12,5,106
2019-02-13,1,10
2019-02-13,2,3
2019-02-13,3,4
2019-02-13,4,13
2019-02-13,5,111
2019-02-14,1,10
2019-02-14,2,2
2019-02-14,3,4
2019-02-14,4,15
2019-02-14,5,89
2019-02-15,1,8
2019-02-15,2,2
2019-02-15,3,6
2019-02-15,4,18
2019-02-15,5,98
2019-02-16,1,10
2019-02-16,2,2
2019-02-16,3,5
2019-02-16,4,19
2019-02-16,5,110
2019-02-17,1,3
2019-02-17,2,2
2019-02-17,3,2
2019-02-17,4,20
2019-02-17,5,109
2019-02-18,1,7
2019-02-18,2,2
2019-02-18,3,4
2019-02-18,4,12
2019-02-18,5,111
2019-02-19,1,13
2019-02-19,2,2
2019-02-19,3,5
2019-02-19,4,22
2019-02-19,5,107
2019-02-20,1,12
2019-02-20,3,4
2019-02-20,4,9
2019-02-20,5,101
2019-02-21,1,13
2019-02-21,2,1
2019-02-21,3,5
2019-02-21,4,11
2019-02-21,5,107
2019-02-22,1,9
2019-02-22,2,2
2019-02-22,3,6
2019-02-22,4,16
2019-02-22,5,108
2019-02-23,1,8
2019-02-23,2,2
2019-02-23,3,3
2019-02-23,4,14
2019-02-23,5,100
2019-02-24,1,6
2019-02-24,2,5
2019-02-24,3,7
2019-02-24,4,15
2019-02-24,5,92
2019-02-25,1,10
2019-02-25,3,2
2019-02-25,4,15
2019-02-25,5,97
2019-02-26,1,7
2019-02-26,2,1
2019-02-26,3,5
2019-02-26,4,16
2019-02-26,5,94
2019-02-27,1,13
2019-02-27,2,1
2019-02-27,3,5
2019-02-27,4,16
2019-02-27,5,85
2019-02-28,1,10
2019-02-28,2,2
2019-02-28,3,2
2019-02-28,4,18
2019-02-28,5,90
2019-03-01,1,15
2019-03-01,2,1
2019-03-01,3,3
2019-03-01,4,10
2019-03-01,5,92
2019-03-02,1,13
2019-03-02,2,2
2019-03-02,3,3
2019-03-02,4,8
2019-03-02,5,114
2019-03-03,1,9
2019-03-03,2,2
2019-03-03,3,4
2019-03-03,4,14
2019-03-03,5,114
2019-03-04,1,10
2019-03-04,2,2
2019-03-04,3,3
2019-03-04,4,12
2019-03-04,5,114
2019-03-05,1,8
2019-03-05,2,2
2019-03-05,3,4
2019-03-05,4,16
2019-03-05,5,103
2019-03-06,1,6
2019-03-06,2,1
2019-03-06,3,4
2019-03-06,4,17
2019-03-06,5,106
2019-03-07,1,11
2019-03-07,2,3
2019-03-07,3,2
2019-03-07,4,18
2019-03-07,5,115
2019-03-08,1,9
2019-03-08,2,3
2019-03-08,3,4
2019-03-08,4,16
2019-03-08,5,81
2019-03-09,1,13
2019-03-09,3,7
2019-03-09,4,12
2019-03-09,5,115
2019-03-10,1,9
2019-03-10,3,4
2019-03-10,4,17
2019-03-10,5,97
2019-03-11,1,19
2019-03-11,2,1
2019-03-11,3,6
2019-03-11,4,13
2019-03-11,5,104
2019-03-12,1,9
2019-03-12,2,1
2019-03-12,3,4
2019-03-12,4,15
2019-03-12,5,105
2019-03-13,1,8
2019-03-13,2,3
2019-03-13,3,6
2019-03-13,4,12
2019-03-13,5,108
2019-03-14,1,8
2019-03-14,2,1
2019-03-14,3,2
2019-03-14,4,17
2019-03-14,5,99
2019-03-15,1,5
2019-03-15,2,2
2019-03-15,3,8
2019-03-15,4,15
2019-03-15,5,106
2019-03-16,1,9
2019-03-16,2,2
2019-03-16,3,8
2019-03-16,4,15
2019-03-16,5,96
2019-03-17,1,11
2019-03-17,2,3
2019-03-17,3,3
2019-03-17,4,13
2019-03-17,5,114
2019-03-18,1,13
2019-03-18,2,3
2019-03-18,3,6
2019-03-18,4,12
2019-03-18,5,92
2019-03-19,1,5
2019-03-19,2,1
2019-03-19,3,8
2019-03-19,4,12
2019-03-19,5,104
2019-03-20,1,10
2019-03-20,2,3
2019-03-20,3,5
2019-03-20,4,17
2019-03-20,5,95
2019-03-21,1,12
2019-03-21,2,2
2019-03-21,3,9
2019-03-21,4,14
2019-03-21,5,129
2019-03-22,1,14
2019-03-22,2,5
2019-03-22,3,9
2019-03-22,4,31
2019-03-22,5,182
2019-03-23,1,13
2019-03-23,2,2
2019-03-23,3,5
2019-03-23,4,14
2019-03-23,5,135
2019-03-24,1,12
2019-03-24,2,3
2019-03-24,3,6
2019-03-24,4,22
2019-03-24,5,130
2019-03-25,1,15
2019-03-25,2,1
2019-03-25,3,4
2019-03-25,4,6
2019-03-25,5,145
2019-03-26,1,14
2019-03-26,2,3
2019-03-26,3,2
2019-03-26,4,20
2019-03-26,5,116
2019-03-27,1,11
2019-03-27,2,1
2019-03-27,3,7
2019-03-27,4,16
2019-03-27,5,110
2019-03-28,1,9
2019-03-28,2,1
2019-03-28,3,1
2019-03-28,4,19
2019-03-28,5,97
2019-03-29,1,6
2019-03-29,2,7
2019-03-29,3,8
2019-03-29,4,11
2019-03-29,5,90
2019-03-30,1,9
2019-03-30,2,3
2019-03-30,3,7
2019-03-30,4,19
2019-03-30,5,92
2019-03-31,1,7
2019-03-31,2,1
2019-03-31,3,3
2019-03-31,4,10
2019-03-31,5,117
2019-04-01,1,7
2019-04-01,2,1
2019-04-01,4,17
2019-04-01,5,115
2019-04-02,1,5
2019-04-02,3,3
2019-04-02,4,15
2019-04-02,5,87
2019-04-03,1,5
2019-04-03,2,1
2019-04-03,3,4
2019-04-03,4,9
2019-04-03,5,93
2019-04-04,1,8
2019-04-04,2,3
2019-04-04,3,1
2019-04-04,4,11
2019-04-04,5,103
2019-04-05,1,9
2019-04-05,2,2
2019-04-05,3,6
2019-04-05,4,13
2019-04-05,5,99
2019-04-06,1,15
2019-04-06,2,1
2019-04-06,3,8
2019-04-06,4,13
2019-04-06,5,93
2019-04-07,1,7
2019-04-07,2,2
2019-04-07,3,4
2019-04-07,4,12
2019-04-07,5,128
2019-04-08,1,13
2019-04-08,2,1
2019-04-08,3,2
2019-04-08,4,10
2019-04-08,5,90
2019-04-09,1,10
2019-04-09,3,5
2019-04-09,4,9
2019-04-09,5,119
2019-04-10,1,11
2019-04-10,3,2
2019-04-10,4,18
2019-04-10,5,91
2019-04-11,1,11
2019-04-11,2,1
2019-04-11,3,4
2019-04-11,4,14
2019-04-11,5,67
2019-04-12,1,7
2019-04-12,2,1
2019-04-12,3,3
2019-04-12,4,9
2019-04-12,5,82
2019-04-13,1,8
2019-04-13,2,1
2019-04-13,3,5
2019-04-13,4,7
2019-04-13,5,102
2019-04-14,1,11
2019-04-14,2,1
2019-04-14,3,3
2019-04-14,4,13
2019-04-14,5,89
2019-04-15,1,12
2019-04-15,2,1
2019-04-15,3,2
2019-04-15,4,10
2019-04-15,5,93
2019-04-16,1,4
2019-04-16,3,8
2019-04-16,4,15
2019-04-16,5,96
2019-04-17,1,13
2019-04-17,2,2
2019-04-17,3,3
2019-04-17,4,13
2019-04-17,5,87
2019-04-18,1,4
2019-04-18,2,1
2019-04-18,3,2
2019-04-18,4,9
2019-04-18,5,75
2019-04-19,1,7
2019-04-19,2,1
2019-04-19,3,4
2019-04-19,4,6
2019-04-19,5,75
2019-04-20,1,10
2019-04-20,2,3
2019-04-20,3,7
2019-04-20,4,10
2019-04-20,5,76
2019-04-21,1,3
2019-04-21,3,6
2019-04-21,4,6
2019-04-21,5,93
2019-04-22,1,5
2019-04-22,2,2
2019-04-22,3,6
2019-04-22,4,8
2019-04-22,5,85
2019-04-23,1,13
2019-04-23,2,3
2019-04-23,3,1
2019-04-23,4,9
2019-04-23,5,83
2019-04-24,1,12
2019-04-24,2,1
2019-04-24,3,2
2019-04-24,4,13
2019-04-24,5,72
2019-04-25,1,11
2019-04-25,2,1
2019-04-25,3,6
2019-04-25,4,8
2019-04-25,5,73
2019-04-26,1,13
2019-04-26,2,3
2019-04-26,3,5
2019-04-26,4,8
2019-04-26,5,76
2019-04-27,1,6
2019-04-27,2,2
2019-04-27,3,6
2019-04-27,4,9
2019-04-27,5,96
2019-04-28,1,10
2019-04-28,3,6
2019-04-28,4,15
2019-04-28,5,83
2019-04-29,1,8
2019-04-29,2,2
2019-04-29,3,4
2019-04-29,4,12
2019-04-29,5,89
2019-04-30,1,8
2019-04-30,2,2
2019-04-30,3,3
2019-04-30,4,10
2019-04-30,5,79
2019-05-01,1,4
2019-05-01,3,1
2019-05-01,4,12
2019-05-01,5,71
2019-05-02,1,9
2019-05-02,3,3
2019-05-02,4,7
2019-05-02,5,79
2019-05-03,1,4
2019-05-03,2,1
2019-05-03,3,1
2019-05-03,4,9
2019-05-03,5,76
2019-05-04,1,3
2019-05-04,2,1
2019-05-04,3,5
2019-05-04,4,13
2019-05-04,5,70
2019-05-05,1,8
2019-05-05,2,3
2019-05-05,3,3
2019-05-05,4,12
2019-05-05,5,101
2019-05-06,1,5
2019-05-06,2,4
2019-05-06,3,1
2019-05-06,4,8
2019-05-06,5,85
2019-05-07,1,10
2019-05-07,2,2
2019-05-07,3,4
2019-05-07,4,14
2019-05-07,5,60
2019-05-08,1,19
2019-05-08,2,1
2019-05-08,3,5
2019-05-08,4,13
2019-05-08,5,68
2019-05-09,1,13
2019-05-09,2,1
2019-05-09,3,7
2019-05-09,4,4
2019-05-09,5,89
2019-05-10,1,9
2019-05-10,2,3
2019-05-10,3,1
2019-05-10,4,14
2019-05-10,5,84
2019-05-11,1,10
2019-05-11,2,3
2019-05-11,3,7
2019-05-11,4,7
2019-05-11,5,92
2019-05-12,1,12
2019-05-12,3,8
2019-05-12,4,10
2019-05-12,5,97
2019-05-13,1,11
2019-05-13,2,2
2019-05-13,3,3
2019-05-13,4,6
2019-05-13,5,92
2019-05-14,1,15
2019-05-14,2,1
2019-05-14,3,2
2019-05-14,4,10
2019-05-14,5,65
2019-05-15,1,8
2019-05-15,3,2
2019-05-15,4,6
2019-05-15,5,74
2019-05-16,1,6
2019-05-16,2,1
2019-05-16,3,9
2019-05-16,4,9
2019-05-16,5,86
2019-05-17,1,7
2019-05-17,2,2
2019-05-17,3,8
2019-05-17,4,19
2019-05-17,5,87
2019-05-18,1,6
2019-05-18,2,1
2019-05-18,3,9
2019-05-18,4,14
2019-05-18,5,102
2019-05-19,1,11
2019-05-19,2,2
2019-05-19,3,4
2019-05-19,4,10
2019-05-19,5,94
2019-05-20,1,12
2019-05-20,2,2
2019-05-20,3,4
2019-05-20,4,12
2019-05-20,5,81
2019-05-21,1,6
2019-05-21,2,1
2019-05-21,3,1
2019-05-21,4,6
2019-05-21,5,72
2019-05-22,1,6
2019-05-22,2,1
2019-05-22,3,5
2019-05-22,4,10
2019-05-22,5,78
2019-05-23,1,8
2019-05-23,2,2
2019-05-23,3,3
2019-05-23,4,8
2019-05-23,5,78
2019-05-24,1,11
2019-05-24,2,1
2019-05-24,3,2
2019-05-24,4,7
2019-05-24,5,88
2019-05-25,1,6
2019-05-25,2,3
2019-05-25,3,2
2019-05-25,4,10
2019-05-25,5,74
2019-05-26,1,12
2019-05-26,2,4
2019-05-26,3,3
2019-05-26,4,8
2019-05-26,5,94
2019-05-27,1,8
2019-05-27,2,2
2019-05-27,3,3
2019-05-27,4,14
2019-05-27,5,80
2019-05-28,1,7
2019-05-28,3,7
2019-05-28,4,11
2019-05-28,5,81
2019-05-29,1,10
2019-05-29,2,1
2019-05-29,3,1
2019-05-29,4,13
2019-05-29,5,133
2019-05-30,1,30
2019-05-30,2,4
2019-05-30,3,21
2019-05-30,4,44
2019-05-30,5,318
2019-05-31,1,22
2019-05-31,2,6
2019-05-31,3,10
2019-05-31,4,22
2019-05-31,5,167
2019-06-01,1,10
2019-06-01,2,5
2019-06-01,3,5
2019-06-01,4,19
2019-06-01,5,121
2019-06-02,1,19
2019-06-02,2,3
2019-06-02,3,7
2019-06-02,4,23
2019-06-02,5,197
2019-06-03,1,12
2019-06-03,2,4
2019-06-03,3,12
2019-06-03,4,21
2019-06-03,5,141
2019-06-04,1,16
2019-06-04,2,3
2019-06-04,3,4
2019-06-04,4,12
2019-06-04,5,118
2019-06-05,1,10
2019-06-05,2,2
2019-06-05,3,4
2019-06-05,4,14
2019-06-05,5,107
2019-06-06,1,14
2019-06-06,2,3
2019-06-06,3,4
2019-06-06,4,14
2019-06-06,5,132
2019-06-07,1,12
2019-06-07,2,4
2019-06-07,3,8
2019-06-07,4,16
2019-06-07,5,120
2019-06-08,1,10
2019-06-08,3,4
2019-06-08,4,20
2019-06-08,5,111
2019-06-09,1,13
2019-06-09,2,4
2019-06-09,3,1
2019-06-09,4,14
2019-06-09,5,130
2019-06-10,1,17
2019-06-10,2,3
2019-06-10,3,5
2019-06-10,4,11
2019-06-10,5,117
2019-06-11,1,11
2019-06-11,3,5
2019-06-11,4,15
2019-06-11,5,118
2019-06-12,1,11
2019-06-12,2,2
2019-06-12,3,3
2019-06-12,4,15
2019-06-12,5,113
2019-06-13,1,18
2019-06-13,3,5
2019-06-13,4,18
2019-06-13,5,111
2019-06-14,1,7
2019-06-14,2,3
2019-06-14,3,4
2019-06-14,4,15
2019-06-14,5,116
2019-06-15,1,9
2019-06-15,2,2
2019-06-15,3,4
2019-06-15,4,14
2019-06-15,5,111
2019-06-16,1,17
2019-06-16,3,4
2019-06-16,4,11
2019-06-16,5,108
2019-06-17,1,12
2019-06-17,3,4
2019-06-17,4,13
2019-06-17,5,113
2019-06-18,1,20
2019-06-18,2,1
2019-06-18,3,4
2019-06-18,4,15
2019-06-18,5,95
2019-06-19,1,10
2019-06-19,2,2
2019-06-19,3,4
2019-06-19,4,18
2019-06-19,5,98
2019-06-20,1,11
2019-06-20,2,2
2019-06-20,3,5
2019-06-20,4,15
2019-06-20,5,101
2019-06-21,1,14
2019-06-21,3,4
2019-06-21,4,14
2019-06-21,5,103
2019-06-22,1,8
2019-06-22,2,4
2019-06-22,3,3
2019-06-22,4,13
2019-06-22,5,110
2019-06-23,1,13
2019-06-23,2,3
2019-06-23,3,6
2019-06-23,4,15
2019-06-23,5,100
2019-06-24,1,16
2019-06-24,2,2
2019-06-24,3,3
2019-06-24,4,17
2019-06-24,5,125
2019-06-25,1,21
2019-06-25,2,2
2019-06-25,3,7
2019-06-25,4,22
2019-06-25,5,125
2019-06-26,1,9
2019-06-26,2,3
2019-06-26,3,8
2019-06-26,4,18
2019-06-26,5,120
2019-06-27,1,16
2019-06-27,3,6
2019-06-27,4,15
2019-06-27,5,121
2019-06-28,1,16
2019-06-28,2,4
2019-06-28,3,2
2019-06-28,4,14
2019-06-28,5,110
2019-06-29,1,19
2019-06-29,2,2
2019-06-29,3,6
2019-06-29,4,20
2019-06-29,5,113
2019-06-30,1,10
2019-06-30,2,2
2019-06-30,3,3
2019-06-30,4,18
2019-06-30,5,143
2019-07-01,1,10
2019-07-01,2,1
2019-07-01,3,2
2019-07-01,4,11
2019-07-01,5,114
2019-07-02,1,10
2019-07-02,2,2
2019-07-02,3,4
2019-07-02,4,15
2019-07-02,5,118
2019-07-03,1,11
2019-07-03,2,2
2019-07-03,3,4
2019-07-03,4,8
2019-07-03,5,118
2019-07-04,1,14
2019-07-04,2,7
2019-07-04,3,3
2019-07-04,4,11
2019-07-04,5,104
2019-07-05,1,13
2019-07-05,2,1
2019-07-05,3,1
2019-07-05,4,10
2019-07-05,5,114
2019-07-06,1,13
2019-07-06,2,3
2019-07-06,3,8
2019-07-06,4,11
2019-07-06,5,97
2019-07-07,1,10
2019-07-07,3,5
2019-07-07,4,8
2019-07-07,5,115
2019-07-08,1,15
2019-07-08,2,4
2019-07-08,3,6
2019-07-08,4,20
2019-07-08,5,112
2019-07-09,1,16
2019-07-09,2,3
2019-07-09,3,2
2019-07-09,4,16
2019-07-09,5,107
2019-07-10,1,9
2019-07-10,3,3
2019-07-10,4,17
2019-07-10,5,85
2019-07-11,1,10
2019-07-11,2,3
2019-07-11,3,4
2019-07-11,4,16
2019-07-11,5,109
2019-07-12,1,15
2019-07-12,2,2
2019-07-12,3,3
2019-07-12,4,13
2019-07-12,5,97
2019-07-13,1,9
2019-07-13,2,1
2019-07-13,3,4
2019-07-13,4,13
2019-07-13,5,99
2019-07-14,1,11
2019-07-14,2,4
2019-07-14,3,4
2019-07-14,4,16
2019-07-14,5,92
2019-07-15,1,14
2019-07-15,2,1
2019-07-15,3,2
2019-07-15,4,18
2019-07-15,5,114
2019-07-16,1,16
2019-07-16,2,3
2019-07-16,3,2
2019-07-16,4,12
2019-07-16,5,101
2019-07-17,1,14
2019-07-17,2,1
2019-07-17,3,4
2019-07-17,4,17
2019-07-17,5,117
2019-07-18,1,24
2019-07-18,2,9
2019-07-18,3,9
2019-07-18,4,23
2019-07-18,5,183
2019-07-19,1,9
2019-07-19,2,1
2019-07-19,3,7
2019-07-19,4,23
2019-07-19,5,124
2019-07-20,1,8
2019-07-20,2,2
2019-07-20,3,9
2019-07-20,4,23
2019-07-20,5,110
2019-07-21,1,6
2019-07-21,2,1
2019-07-21,3,1
2019-07-21,4,10
2019-07-21,5,116
2019-07-22,1,19
2019-07-22,3,5
2019-07-22,4,9
2019-07-22,5,91
2019-07-23,1,10
2019-07-23,2,3
2019-07-23,3,5
2019-07-23,4,16
2019-07-23,5,110
2019-07-24,1,16
2019-07-24,2,2
2019-07-24,3,5
2019-07-24,4,15
2019-07-24,5,94
2019-07-25,1,18
2019-07-25,2,2
2019-07-25,3,2
2019-07-25,4,14
2019-07-25,5,107
2019-07-26,1,12
2019-07-26,2,1
2019-07-26,3,3
2019-07-26,4,13
2019-07-26,5,106
2019-07-27,1,11
2019-07-27,2,2
2019-07-27,3,4
2019-07-27,4,10
2019-07-27,5,95
2019-07-28,1,9
2019-07-28,2,2
2019-07-28,3,4
2019-07-28,4,19
2019-07-28,5,107
2019-07-29,1,13
2019-07-29,2,1
2019-07-29,3,6
2019-07-29,4,13
2019-07-29,5,92
2019-07-30,1,7
2019-07-30,2,3
2019-07-30,3,1
2019-07-30,4,19
2019-07-30,5,84
2019-07-31,1,15
2019-07-31,3,9
2019-07-31,4,12
2019-07-31,5,90
2019-08-01,1,13
2019-08-01,2,3
2019-08-01,3,5
2019-08-01,4,12
2019-08-01,5,86
2019-08-02,1,6
2019-08-02,2,5
2019-08-02,3,2
2019-08-02,4,10
2019-08-02,5,87
2019-08-03,1,10
2019-08-03,2,2
2019-08-03,3,6
2019-08-03,4,13
2019-08-03,5,93
2019-08-04,1,9
2019-08-04,3,5
2019-08-04,4,16
2019-08-04,5,83
2019-08-05,1,7
2019-08-05,2,3
2019-08-05,3,5
2019-08-05,4,16
2019-08-05,5,82
2019-08-06,1,18
2019-08-06,2,2
2019-08-06,3,3
2019-08-06,4,18
2019-08-06,5,73
2019-08-07,1,12
2019-08-07,2,3
2019-08-07,3,5
2019-08-07,4,9
2019-08-07,5,72
2019-08-08,1,18
2019-08-08,2,2
2019-08-08,3,6
2019-08-08,4,12
2019-08-08,5,65
2019-08-09,1,4
2019-08-09,2,3
2019-08-09,3,2
2019-08-09,4,11
2019-08-09,5,84
2019-08-10,1,11
2019-08-10,2,1
2019-08-10,3,3
2019-08-10,4,14
2019-08-10,5,66
2019-08-11,1,12
2019-08-11,2,1
2019-08-11,3,2
2019-08-11,4,9
2019-08-11,5,93
2019-08-12,1,12
2019-08-12,2,3
2019-08-12,3,4
2019-08-12,4,10
2019-08-12,5,78
2019-08-13,1,13
2019-08-13,2,3
2019-08-13,3,4
2019-08-13,4,11
2019-08-13,5,83
2019-08-14,1,12
2019-08-14,2,3
2019-08-14,3,5
2019-08-14,4,9
2019-08-14,5,79
2019-08-15,1,4
2019-08-15,2,4
2019-08-15,3,2
2019-08-15,4,11
2019-08-15,5,96
2019-08-16,1,6
2019-08-16,2,1
2019-08-16,3,3
2019-08-16,4,11
2019-08-16,5,80
2019-08-17,1,10
2019-08-17,2,3
2019-08-17,3,5
2019-08-17,4,9
2019-08-17,5,55
2019-08-18,1,22
2019-08-18,2,4
2019-08-18,3,4
2019-08-18,4,12
2019-08-18,5,73
2019-08-19,1,9
2019-08-19,2,2
2019-08-19,3,2
2019-08-19,4,6
2019-08-19,5,87
2019-08-20,1,11
2019-08-20,2,3
2019-08-20,3,3
2019-08-20,4,10
2019-08-20,5,74
2019-08-21,1,11
2019-08-21,2,1
2019-08-21,3,6
2019-08-21,4,14
2019-08-21,5,71
2019-08-22,1,13
2019-08-22,2,1
2019-08-22,3,2
2019-08-22,4,10
2019-08-22,5,82
2019-08-23,1,9
2019-08-23,3,3
2019-08-23,4,8
2019-08-23,5,94
2019-08-24,1,9
2019-08-24,3,3
2019-08-24,4,13
2019-08-24,5,76
2019-08-25,1,14
2019-08-25,2,1
2019-08-25,3,3
2019-08-25,4,12
2019-08-25,5,86
2019-08-26,1,14
2019-08-26,2,2
2019-08-26,3,4
2019-08-26,4,17
2019-08-26,5,73
2019-08-27,1,12
2019-08-27,2,2
2019-08-27,3,3
2019-08-27,4,11
2019-08-27,5,58
2019-08-28,1,5
2019-08-28,2,2
2019-08-28,3,7
2019-08-28,4,8
2019-08-28,5,63
2019-08-29,1,6
2019-08-29,2,3
2019-08-29,3,1
2019-08-29,4,3
2019-08-29,5,61
2019-08-30,1,21
2019-08-30,2,2
2019-08-30,3,5
2019-08-30,4,9
2019-08-30,5,78
2019-08-31,1,7
2019-08-31,3,6
2019-08-31,4,11
2019-08-31,5,76
2019-09-01,1,6
2019-09-01,2,3
2019-09-01,3,5
2019-09-01,4,9
2019-09-01,5,68
2019-09-02,1,7
2019-09-02,2,2
2019-09-02,3,3
2019-09-02,4,9
2019-09-02,5,79
2019-09-03,1,8
2019-09-03,2,2
2019-09-03,3,6
2019-09-03,4,14
2019-09-03,5,57
2019-09-04,1,8
2019-09-04,2,3
2019-09-04,3,3
2019-09-04,4,22
2019-09-04,5,74
2019-09-05,1,19
2019-09-05,2,2
2019-09-05,3,7
2019-09-05,4,19
2019-09-05,5,123
2019-09-06,1,13
2019-09-06,2,2
2019-09-06,3,3
2019-09-06,4,14
2019-09-06,5,79
2019-09-07,1,13
2019-09-07,2,3
2019-09-07,3,7
2019-09-07,4,16
2019-09-07,5,73
2019-09-08,1,12
2019-09-08,2,4
2019-09-08,3,3
2019-09-08,4,13
2019-09-08,5,93
2019-09-09,1,10
2019-09-09,2,1
2019-09-09,3,5
2019-09-09,4,13
2019-09-09,5,100
2019-09-10,1,16
2019-09-10,2,3
2019-09-10,3,6
2019-09-10,4,8
2019-09-10,5,60
2019-09-11,1,17
2019-09-11,2,3
2019-09-11,3,6
2019-09-11,4,16
2019-09-11,5,79
2019-09-12,1,11
2019-09-12,2,1
2019-09-12,3,4
2019-09-12,4,9
2019-09-12,5,94
2019-09-13,1,13
2019-09-13,2,1
2019-09-13,3,4
2019-09-13,4,12
2019-09-13,5,75
2019-09-14,1,8
2019-09-14,2,1
2019-09-14,3,1
2019-09-14,4,15
2019-09-14,5,61
2019-09-15,1,10
2019-09-15,2,1
2019-09-15,3,6
2019-09-15,4,12
2019-09-15,5,80
2019-09-16,1,9
2019-09-16,3,4
2019-09-16,4,14
2019-09-16,5,62
2019-09-17,1,13
2019-09-17,2,2
2019-09-17,3,5
2019-09-17,4,8
2019-09-17,5,81
2019-09-18,1,12
2019-09-18,2,1
2019-09-18,3,3
2019-09-18,4,15
2019-09-18,5,74
2019-09-19,1,12
2019-09-19,2,4
2019-09-19,3,4
2019-09-19,4,10
2019-09-19,5,69
2019-09-20,1,6
2019-09-20,2,3
2019-09-20,3,4
2019-09-20,4,12
2019-09-20,5,70
2019-09-21,1,6
2019-09-21,2,1
2019-09-21,3,6
2019-09-21,4,13
2019-09-21,5,67
2019-09-22,1,6
2019-09-22,2,2
2019-09-22,3,1
2019-09-22,4,8
2019-09-22,5,87
2019-09-23,1,10
2019-09-23,3,2
2019-09-23,4,8
2019-09-23,5,77
2019-09-24,1,10
2019-09-24,2,2
2019-09-24,3,3
2019-09-24,4,19
2019-09-24,5,78
2019-09-25,1,12
2019-09-25,2,4
2019-09-25,3,2
2019-09-25,4,12
2019-09-25,5,66
2019-09-26,1,11
2019-09-26,2,1
2019-09-26,3,2
2019-09-26,4,12
2019-09-26,5,83
2019-09-27,1,12
2019-09-27,2,2
2019-09-27,3,3
2019-09-27,4,10
2019-09-27,5,72
2019-09-28,1,15
2019-09-28,3,1
2019-09-28,4,14
2019-09-28,5,76
2019-09-29,1,13
2019-09-29,2,2
2019-09-29,3,7
2019-09-29,4,9
2019-09-29,5,83
2019-09-30,1,5
2019-09-30,2,6
2019-09-30,3,2
2019-09-30,4,19
2019-09-30,5,88
2019-10-01,1,8
2019-10-01,3,4
2019-10-01,4,9
2019-10-01,5,67
2019-10-02,1,11
2019-10-02,2,2
2019-10-02,3,6
2019-10-02,4,14
2019-10-02,5,110
2019-10-03,1,13
2019-10-03,2,2
2019-10-03,3,4
2019-10-03,4,8
2019-10-03,5,69
2019-10-04,1,13
2019-10-04,2,2
2019-10-04,3,5
2019-10-04,4,12
2019-10-04,5,60
2019-10-05,1,11
2019-10-05,2,1
2019-10-05,3,2
2019-10-05,4,10
2019-10-05,5,66
2019-10-06,1,9
2019-10-06,2,1
2019-10-06,3,3
2019-10-06,4,10
2019-10-06,5,82
2019-10-07,1,10
2019-10-07,2,3
2019-10-07,3,1
2019-10-07,4,11
2019-10-07,5,65
2019-10-08,1,10
2019-10-08,2,2
2019-10-08,3,5
2019-10-08,4,10
2019-10-08,5,60
2019-10-09,1,10
2019-10-09,2,2
2019-10-09,3,2
2019-10-09,4,15
2019-10-09,5,70
2019-10-10,1,9
2019-10-10,2,2
2019-10-10,3,3
2019-10-10,4,14
2019-10-10,5,66
2019-10-11,1,7
2019-10-11,3,2
2019-10-11,4,11
2019-10-11,5,60
2019-10-12,1,7
2019-10-12,2,1
2019-10-12,3,3
2019-10-12,4,13
2019-10-12,5,81
2019-10-13,1,10
2019-10-13,2,2
2019-10-13,3,7
2019-10-13,4,8
2019-10-13,5,88
2019-10-14,1,15
2019-10-14,2,3
2019-10-14,3,5
2019-10-14,4,16
2019-10-14,5,73
2019-10-15,1,12
2019-10-15,2,2
2019-10-15,3,2
2019-10-15,4,11
2019-10-15,5,87
2019-10-16,1,10
2019-10-16,2,1
2019-10-16,3,2
2019-10-16,4,12
2019-10-16,5,90
2019-10-17,1,8
2019-10-17,2,3
2019-10-17,3,4
2019-10-17,4,8
2019-10-17,5,77
2019-10-18,1,11
2019-10-18,2,4
2019-10-18,3,4
2019-10-18,4,15
2019-10-18,5,78
2019-10-19,1,6
2019-10-19,2,1
2019-10-19,3,4
2019-10-19,4,15
2019-10-19,5,89
2019-10-20,1,7
2019-10-20,2,2
2019-10-20,3,2
2019-10-20,4,11
2019-10-20,5,80
2019-10-21,1,14
2019-10-21,2,1
2019-10-21,3,5
2019-10-21,4,17
2019-10-21,5,100
2019-10-22,1,23
2019-10-22,2,2
2019-10-22,3,2
2019-10-22,4,16
2019-10-22,5,82
2019-10-23,1,12
2019-10-23,2,1
2019-10-23,3,7
2019-10-23,4,11
2019-10-23,5,93
2019-10-24,1,12
2019-10-24,3,5
2019-10-24,4,13
2019-10-24,5,77
2019-10-25,1,13
2019-10-25,2,3
2019-10-25,3,5
2019-10-25,4,10
2019-10-25,5,71
2019-10-26,1,7
2019-10-26,2,5
2019-10-26,3,3
2019-10-26,4,12
2019-10-26,5,85
2019-10-27,1,6
2019-10-27,2,3
2019-10-27,3,1
2019-10-27,4,11
2019-10-27,5,90
2019-10-28,1,6
2019-10-28,2,6
2019-10-28,3,5
2019-10-28,4,9
2019-10-28,5,93
2019-10-29,1,12
2019-10-29,2,5
2019-10-29,3,8
2019-10-29,4,19
2019-10-29,5,108
2019-10-30,1,14
2019-10-30,2,1
2019-10-30,3,8
2019-10-30,4,14
2019-10-30,5,87
2019-10-31,1,20
2019-10-31,2,2
2019-10-31,3,4
2019-10-31,4,19
2019-10-31,5,83
2019-11-01,1,16
2019-11-01,2,3
2019-11-01,3,7
2019-11-01,4,5
2019-11-01,5,78
2019-11-02,1,13
2019-11-02,3,4
2019-11-02,4,8
2019-11-02,5,66
2019-11-03,1,8
2019-11-03,2,6
2019-11-03,3,5
2019-11-03,4,12
2019-11-03,5,84
2019-11-04,1,8
2019-11-04,2,2
2019-11-04,3,4
2019-11-04,4,8
2019-11-04,5,73
2019-11-05,1,15
2019-11-05,2,2
2019-11-05,3,2
2019-11-05,4,14
2019-11-05,5,70
2019-11-06,1,10
2019-11-06,2,3
2019-11-06,3,2
2019-11-06,4,7
2019-11-06,5,55
2019-11-07,1,12
2019-11-07,3,9
2019-11-07,4,15
2019-11-07,5,72
2019-11-08,1,16
2019-11-08,2,3
2019-11-08,3,3
2019-11-08,4,10
2019-11-08,5,82
2019-11-09,1,21
2019-11-09,2,5
2019-11-09,3,5
2019-11-09,4,7
2019-11-09,5,68
2019-11-10,1,23
2019-11-10,2,5
2019-11-10,3,4
2019-11-10,4,7
2019-11-10,5,72
2019-11-11,1,19
2019-11-11,3,9
2019-11-11,4,10
2019-11-11,5,85
2019-11-12,1,24
2019-11-12,2,1
2019-11-12,3,1
2019-11-12,4,6
2019-11-12,5,62
2019-11-13,1,18
2019-11-13,2,3
2019-11-13,3,2
2019-11-13,4,14
2019-11-13,5,53
2019-11-14,1,18
2019-11-14,2,1
2019-11-14,3,3
2019-11-14,4,8
2019-11-14,5,45
2019-11-15,1,11
2019-11-15,2,1
2019-11-15,3,4
2019-11-15,4,11
2019-11-15,5,66
2019-11-16,1,11
2019-11-16,3,6
2019-11-16,4,8
2019-11-16,5,53
2019-11-17,1,14
2019-11-17,2,2
2019-11-17,3,3
2019-11-17,4,6
2019-11-17,5,62
2019-11-18,1,7
2019-11-18,2,2
2019-11-18,3,4
2019-11-18,4,11
2019-11-18,5,58
2019-11-19,1,23
2019-11-19,2,4
2019-11-19,3,3
2019-11-19,4,7
2019-11-19,5,51
2019-11-20,1,10
2019-11-20,2,5
2019-11-20,3,4
2019-11-20,4,10
2019-11-20,5,68
2019-11-21,1,11
2019-11-21,2,5
2019-11-21,3,2
2019-11-21,4,16
2019-11-21,5,83
2019-11-22,1,14
2019-11-22,2,2
2019-11-22,3,9
2019-11-22,4,14
2019-11-22,5,79
2019-11-23,1,12
2019-11-23,2,3
2019-11-23,3,10
2019-11-23,4,11
2019-11-23,5,67
2019-11-24,1,22
2019-11-24,2,6
2019-11-24,3,4
2019-11-24,4,12
2019-11-24,5,65
2019-11-25,1,12
2019-11-25,2,2
2019-11-25,3,2
2019-11-25,4,12
2019-11-25,5,70
2019-11-26,1,15
2019-11-26,2,4
2019-11-26,3,4
2019-11-26,4,5
2019-11-26,5,56
2019-11-27,1,12
2019-11-27,2,6
2019-11-27,3,4
2019-11-27,4,8
2019-11-27,5,56
2019-11-28,1,14
2019-11-28,3,2
2019-11-28,4,6
2019-11-28,5,56
2019-11-29,1,9
2019-11-29,3,2
2019-11-29,4,4
2019-11-29,5,64
2019-11-30,1,12
2019-11-30,2,5
2019-11-30,3,3
2019-11-30,4,2
2019-11-30,5,64
2019-12-01,1,4
2019-12-01,2,2
2019-12-01,3,4
2019-12-01,4,9
2019-12-01,5,65
2019-12-02,1,10
2019-12-02,2,3
2019-12-02,3,3
2019-12-02,4,6
2019-12-02,5,68
2019-12-03,1,8
2019-12-03,2,1
2019-12-03,3,4
2019-12-03,4,11
2019-12-03,5,55
2019-12-04,1,12
2019-12-04,2,1
2019-12-04,3,4
2019-12-04,4,11
2019-12-04,5,63
2019-12-05,1,11
2019-12-05,2,4
2019-12-05,3,2
2019-12-05,4,9
2019-12-05,5,58
2019-12-06,1,15
2019-12-06,2,2
2019-12-06,3,4
2019-12-06,4,8
2019-12-06,5,56
2019-12-07,1,15
2019-12-07,2,2
2019-12-07,3,2
2019-12-07,4,5
2019-12-07,5,36
2019-12-08,1,4
2019-12-08,2,3
2019-12-08,3,5
2019-12-08,4,15
2019-12-08,5,53
2019-12-09,1,8
2019-12-09,2,1
2019-12-09,3,2
2019-12-09,4,8
2019-12-09,5,63
2019-12-10,1,10
2019-12-10,2,2
2019-12-10,3,4
2019-12-10,4,10
2019-12-10,5,58
2019-12-11,1,7
2019-12-11,2,4
2019-12-11,3,2
2019-12-11,4,2
2019-12-11,5,48
2019-12-12,1,8
2019-12-12,2,2
2019-12-12,3,10
2019-12-12,4,2
2019-12-12,5,49
2019-12-13,1,7
2019-12-13,2,5
2019-12-13,3,4
2019-12-13,4,11
2019-12-13,5,74
2019-12-14,1,11
2019-12-14,2,1
2019-12-14,3,4
2019-12-14,4,6
2019-12-14,5,64
2019-12-15,1,11
2019-12-15,2,3
2019-12-15,3,6
2019-12-15,4,12
2019-12-15,5,63
2019-12-16,1,11
2019-12-16,2,1
2019-12-16,3,5
2019-12-16,4,14
2019-12-16,5,62
2019-12-17,1,20
2019-12-17,2,4
2019-12-17,3,6
2019-12-17,4,21
2019-12-17,5,102
2019-12-18,1,17
2019-12-18,2,5
2019-12-18,3,7
2019-12-18,4,22
2019-12-18,5,120
2019-12-19,1,17
2019-12-19,2,3
2019-12-19,3,5
2019-12-19,4,8
2019-12-19,5,61
2019-12-20,1,13
2019-12-20,2,4
2019-12-20,3,7
2019-12-20,4,11
2019-12-20,5,73
2019-12-21,1,12
2019-12-21,2,1
2019-12-21,3,4
2019-12-21,4,10
2019-12-21,5,55
2019-12-22,1,17
2019-12-22,2,4
2019-12-22,3,4
2019-12-22,4,6
2019-12-22,5,57
2019-12-23,1,6
2019-12-23,2,5
2019-12-23,3,4
2019-12-23,4,11
2019-12-23,5,46
2019-12-24,1,9
2019-12-24,3,1
2019-12-24,4,11
2019-12-24,5,61
2019-12-25,1,12
2019-12-25,2,4
2019-12-25,3,1
2019-12-25,4,11
2019-12-25,5,42
2019-12-26,1,16
2019-12-26,2,2
2019-12-26,3,2
2019-12-26,4,2
2019-12-26,5,64
2019-12-27,1,14
2019-12-27,2,6
2019-12-27,3,6
2019-12-27,4,8
2019-12-27,5,45
2019-12-28,1,21
2019-12-28,3,1
2019-12-28,4,11
2019-12-28,5,53
2019-12-29,1,14
2019-12-29,2,1
2019-12-29,3,3
2019-12-29,4,11
2019-12-29,5,54
2019-12-30,1,7
2019-12-30,2,3
2019-12-30,3,2
2019-12-30,4,10
2019-12-30,5,55
2019-12-31,1,18
2019-12-31,3,3
2019-12-31,4,7
2019-12-31,5,44
2020-01-01,1,16
2020-01-01,2,4
2020-01-01,3,2
2020-01-01,4,14
2020-01-01,5,60
2020-01-02,1,12
2020-01-02,4,5
2020-01-02,5,61
2020-01-03,1,10
2020-01-03,2,1
2020-01-03,3,3
2020-01-03,4,8
2020-01-03,5,57
2020-01-04,1,12
2020-01-04,2,5
2020-01-04,3,4
2020-01-04,4,10
2020-01-04,5,57
2020-01-05,1,13
2020-01-05,3,4
2020-01-05,4,13
2020-01-05,5,65
2020-01-06,1,16
2020-01-06,2,3
2020-01-06,3,4
2020-01-06,4,7
2020-01-06,5,50
2020-01-07,1,17
2020-01-07,2,2
2020-01-07,3,3
2020-01-07,4,6
2020-01-07,5,46
2020-01-08,1,16
2020-01-08,2,5
2020-01-08,3,6
2020-01-08,4,16
2020-01-08,5,97
2020-01-09,1,33
2020-01-09,2,10
2020-01-09,3,13
2020-01-09,4,27
2020-01-09,5,101
2020-01-10,1,18
2020-01-10,2,2
2020-01-10,3,4
2020-01-10,4,11
2020-01-10,5,56
2020-01-11,1,13
2020-01-11,2,1
2020-01-11,3,2
2020-01-11,4,8
2020-01-11,5,48
2020-01-12,1,15
2020-01-12,2,3
2020-01-12,3,3
2020-01-12,4,8
2020-01-12,5,66
2020-01-13,1,15
2020-01-13,2,3
2020-01-13,3,2
2020-01-13,4,12
2020-01-13,5,61
2020-01-14,1,9
2020-01-14,2,1
2020-01-14,3,4
2020-01-14,4,9
2020-01-14,5,90
2020-01-15,1,14
2020-01-15,3,3
2020-01-15,4,4
2020-01-15,5,55
2020-01-16,1,22
2020-01-16,2,2
2020-01-16,3,6
2020-01-16,4,6
2020-01-16,5,58
2020-01-17,1,19
2020-01-17,2,3
2020-01-17,3,6
2020-01-17,4,5
2020-01-17,5,51
2020-01-18,1,13
2020-01-18,2,4
2020-01-18,3,3
2020-01-18,4,8
2020-01-18,5,57
2020-01-19,1,11
2020-01-19,2,1
2020-01-19,3,2
2020-01-19,4,10
2020-01-19,5,62
2020-01-20,1,8
2020-01-20,2,3
2020-01-20,3,4
2020-01-20,4,4
2020-01-20,5,42
2020-01-21,1,6
2020-01-21,2,3
2020-01-21,3,6
2020-01-21,4,13
2020-01-21,5,59
2020-01-22,1,17
2020-01-22,3,5
2020-01-22,4,10
2020-01-22,5,53
2020-01-23,1,14
2020-01-23,2,1
2020-01-23,3,5
2020-01-23,4,15
2020-01-23,5,59
2020-01-24,1,8
2020-01-24,2,2
2020-01-24,3,5
2020-01-24,4,7
2020-01-24,5,64
2020-01-25,1,12
2020-01-25,2,4
2020-01-25,3,1
2020-01-25,4,9
2020-01-25,5,56
2020-01-26,1,10
2020-01-26,2,1
2020-01-26,3,3
2020-01-26,4,10
2020-01-26,5,68
2020-01-27,1,18
2020-01-27,2,5
2020-01-27,3,2
2020-01-27,4,9
2020-01-27,5,58
2020-01-28,1,33
2020-01-28,2,7
2020-01-28,3,3
2020-01-28,4,10
2020-01-28,5,66
2020-01-29,1,11
2020-01-29,2,2
2020-01-29,3,5
2020-01-29,4,7
2020-01-29,5,49
2020-01-30,1,13
2020-01-30,2,1
2020-01-30,3,5
2020-01-30,4,13
2020-01-30,5,63
2020-01-31,1,20
2020-01-31,2,3
2020-01-31,3,7
2020-01-31,4,13
2020-01-31,5,62
2020-02-01,1,11
2020-02-01,2,6
2020-02-01,3,5
2020-02-01,4,8
2020-02-01,5,54
2020-02-02,1,17
2020-02-02,2,1
2020-02-02,3,5
2020-02-02,4,18
2020-02-02,5,62
2020-02-03,1,11
2020-02-03,2,2
2020-02-03,3,3
2020-02-03,4,13
2020-02-03,5,64
2020-02-04,1,10
2020-02-04,2,2
2020-02-04,3,3
2020-02-04,4,10
2020-02-04,5,60
2020-02-05,1,11
2020-02-05,2,2
2020-02-05,3,8
2020-02-05,4,13
2020-02-05,5,68
2020-02-06,1,14
2020-02-06,2,2
2020-02-06,4,12
2020-02-06,5,56
2020-02-07,1,12
2020-02-07,2,2
2020-02-07,3,4
2020-02-07,4,9
2020-02-07,5,51
2020-02-08,1,6
2020-02-08,2,1
2020-02-08,3,3
2020-02-08,4,11
2020-02-08,5,53
2020-02-09,1,10
2020-02-09,2,2
2020-02-09,3,2
2020-02-09,4,11
2020-02-09,5,51
2020-02-10,1,16
2020-02-10,2,2
2020-02-10,3,6
2020-02-10,4,11
2020-02-10,5,67
2020-02-11,1,9
2020-02-11,2,1
2020-02-11,3,4
2020-02-11,4,5
2020-02-11,5,75
2020-02-12,1,7
2020-02-12,2,4
2020-02-12,3,5
2020-02-12,4,7
2020-02-12,5,58
2020-02-13,1,9
2020-02-13,2,5
2020-02-13,3,3
2020-02-13,4,12
2020-02-13,5,46
2020-02-14,1,14
2020-02-14,2,3
2020-02-14,3,1
2020-02-14,4,8
2020-02-14,5,66
2020-02-15,1,18
2020-02-15,2,3
2020-02-15,3,2
2020-02-15,4,12
2020-02-15,5,41
2020-02-16,1,23
2020-02-16,2,1
2020-02-16,3,8
2020-02-16,4,10
2020-02-16,5,66
2020-02-17,1,9
2020-02-17,3,2
2020-02-17,4,10
2020-02-17,5,45
2020-02-18,1,8
2020-02-18,2,2
2020-02-18,3,2
2020-02-18,4,7
2020-02-18,5,47
2020-02-19,1,9
2020-02-19,2,1
2020-02-19,3,6
2020-02-19,4,6
2020-02-19,5,51
2020-02-20,1,5
2020-02-20,3,2
2020-02-20,4,6
2020-02-20,5,51
2020-02-21,1,11
2020-02-21,2,1
2020-02-21,3,3
2020-02-21,4,3
2020-02-21,5,32
2020-02-22,1,9
2020-02-22,2,2
2020-02-22,3,1
2020-02-22,4,7
2020-02-22,5,48
2020-02-23,1,9
2020-02-23,3,2
2020-02-23,4,10
2020-02-23,5,37
2020-02-24,1,10
2020-02-24,2,2
2020-02-24,3,1
2020-02-24,4,7
2020-02-24,5,51
2020-02-25,1,9
2020-02-25,2,3
2020-02-25,3,3
2020-02-25,4,10
2020-02-25,5,42
2020-02-26,1,11
2020-02-26,2,3
2020-02-26,3,5
2020-02-26,4,12
2020-02-26,5,64
2020-02-27,1,12
2020-02-27,2,3
2020-02-27,3,3
2020-02-27,4,5
2020-02-27,5,33
2020-02-28,1,9
2020-02-28,2,3
2020-02-28,3,4
2020-02-28,4,8
2020-02-28,5,41
2020-02-29,1,14
2020-02-29,2,1
2020-02-29,3,3
2020-02-29,4,2
2020-02-29,5,49
2020-03-01,1,13
2020-03-01,2,2
2020-03-01,3,2
2020-03-01,4,3
2020-03-01,5,56
2020-03-02,1,11
2020-03-02,3,1
2020-03-02,4,9
2020-03-02,5,45
2020-03-03,1,12
2020-03-03,2,3
2020-03-03,3,2
2020-03-03,4,4
2020-03-03,5,52
2020-03-04,1,18
2020-03-04,3,2
2020-03-04,4,3
2020-03-04,5,42
2020-03-05,1,9
2020-03-05,2,2
2020-03-05,3,4
2020-03-05,4,6
2020-03-05,5,35
2020-03-06,1,11
2020-03-06,2,1
2020-03-06,3,4
2020-03-06,4,4
2020-03-06,5,62
2020-03-07,1,8
2020-03-07,2,2
2020-03-07,3,3
2020-03-07,4,5
2020-03-07,5,40
2020-03-08,1,8
2020-03-08,2,3
2020-03-08,3,4
2020-03-08,4,9
2020-03-08,5,49
2020-03-09,1,8
2020-03-09,3,3
2020-03-09,4,5
2020-03-09,5,35
2020-03-10,1,11
2020-03-10,2,6
2020-03-10,3,5
2020-03-10,4,11
2020-03-10,5,43
2020-03-11,1,20
2020-03-11,2,3
2020-03-11,3,3
2020-03-11,4,7
2020-03-11,5,47
2020-03-12,1,17
2020-03-12,2,4
2020-03-12,3,5
2020-03-12,4,9
2020-03-12,5,52
2020-03-13,1,13
2020-03-13,2,3
2020-03-13,3,5
2020-03-13,4,8
2020-03-13,5,70
2020-03-14,1,16
2020-03-14,2,5
2020-03-14,3,5
2020-03-14,4,13
2020-03-14,5,56
2020-03-15,1,19
2020-03-15,2,5
2020-03-15,3,8
2020-03-15,4,11
2020-03-15,5,51
2020-03-16,1,17
2020-03-16,2,3
2020-03-16,3,5
2020-03-16,4,10
2020-03-16,5,45
2020-03-17,1,21
2020-03-17,2,5
2020-03-17,3,6
2020-03-17,4,10
2020-03-17,5,58
2020-03-18,1,8
2020-03-18,3,2
2020-03-18,4,9
2020-03-18,5,65
2020-03-19,1,15
2020-03-19,2,2
2020-03-19,3,1
2020-03-19,4,9
2020-03-19,5,46
2020-03-20,1,10
2020-03-20,3,3
2020-03-20,4,6
2020-03-20,5,74
2020-03-21,1,7
2020-03-21,2,1
2020-03-21,3,4
2020-03-21,4,17
2020-03-21,5,67
2020-03-22,1,29
2020-03-22,2,4
2020-03-22,3,3
2020-03-22,4,10
2020-03-22,5,81
2020-03-23,1,13
2020-03-23,2,3
2020-03-23,3,5
2020-03-23,4,7
2020-03-23,5,65
2020-03-24,1,16
2020-03-24,2,5
2020-03-24,3,5
2020-03-24,4,12
2020-03-24,5,80
2020-03-25,1,13
2020-03-25,2,4
2020-03-25,3,2
2020-03-25,4,7
2020-03-25,5,72
2020-03-26,1,28
2020-03-26,2,2
2020-03-26,3,10
2020-03-26,4,21
2020-03-26,5,108
2020-03-27,1,25
2020-03-27,2,4
2020-03-27,3,7
2020-03-27,4,25
2020-03-27,5,98
2020-03-28,1,19
2020-03-28,2,7
2020-03-28,3,5
2020-03-28,4,14
2020-03-28,5,116
2020-03-29,1,27
2020-03-29,2,2
2020-03-29,3,5
2020-03-29,4,20
2020-03-29,5,89
2020-03-30,1,20
2020-03-30,2,4
2020-03-30,3,9
2020-03-30,4,15
2020-03-30,5,73
2020-03-31,1,19
2020-03-31,2,4
2020-03-31,3,10
2020-03-31,4,27
2020-03-31,5,101
2020-04-01,1,22
2020-04-01,2,8
2020-04-01,3,7
2020-04-01,4,21
2020-04-01,5,112
2020-04-02,1,22
2020-04-02,2,2
2020-04-02,3,5
2020-04-02,4,13
2020-04-02,5,89
2020-04-03,1,17
2020-04-03,2,3
2020-04-03,3,4
2020-04-03,4,11
2020-04-03,5,88
2020-04-04,1,19
2020-04-04,2,5
2020-04-04,3,4
2020-04-04,4,10
2020-04-04,5,109
2020-04-05,1,13
2020-04-05,2,3
2020-04-05,3,8
2020-04-05,4,16
2020-04-05,5,124
2020-04-06,1,22
2020-04-06,2,3
2020-04-06,3,7
2020-04-06,4,12
2020-04-06,5,96
2020-04-07,1,22
2020-04-07,2,4
2020-04-07,3,6
2020-04-07,4,18
2020-04-07,5,89
2020-04-08,1,22
2020-04-08,2,2
2020-04-08,3,6
2020-04-08,4,19
2020-04-08,5,91
2020-04-09,1,27
2020-04-09,2,4
2020-04-09,3,4
2020-04-09,4,22
2020-04-09,5,92
2020-04-10,1,19
2020-04-10,2,1
2020-04-10,3,10
2020-04-10,4,14
2020-04-10,5,96
2020-04-11,1,17
2020-04-11,2,8
2020-04-11,3,8
2020-04-11,4,12
2020-04-11,5,90
2020-04-12,1,20
2020-04-12,2,6
2020-04-12,3,7
2020-04-12,4,16
2020-04-12,5,103
2020-04-13,1,24
2020-04-13,2,4
2020-04-13,3,5
2020-04-13,4,14
2020-04-13,5,85
2020-04-14,1,26
2020-04-14,2,3
2020-04-14,3,8
2020-04-14,4,14
2020-04-14,5,87
2020-04-15,1,31
2020-04-15,2,1
2020-04-15,3,5
2020-04-15,4,15
2020-04-15,5,115
2020-04-16,1,24
2020-04-16,2,5
2020-04-16,3,8
2020-04-16,4,14
2020-04-16,5,84
2020-04-17,1,26
2020-04-17,2,4
2020-04-17,3,7
2020-04-17,4,15
2020-04-17,5,82
2020-04-18,1,34
2020-04-18,2,2
2020-04-18,3,5
2020-04-18,4,16
2020-04-18,5,79
2020-04-19,1,27
2020-04-19,2,5
2020-04-19,3,3
2020-04-19,4,18
2020-04-19,5,90
2020-04-20,1,21
2020-04-20,2,3
2020-04-20,3,4
2020-04-20,4,7
2020-04-20,5,102
2020-04-21,1,17
2020-04-21,2,8
2020-04-21,3,3
2020-04-21,4,18
2020-04-21,5,91
2020-04-22,1,27
2020-04-22,2,6
2020-04-22,3,5
2020-04-22,4,15
2020-04-22,5,65
2020-04-23,1,24
2020-04-23,2,4
2020-04-23,3,4
2020-04-23,4,13
2020-04-23,5,72
2020-04-24,1,23
2020-04-24,2,2
2020-04-24,3,4
2020-04-24,4,11
2020-04-24,5,103
2020-04-25,1,17
2020-04-25,2,1
2020-04-25,3,6
2020-04-25,4,16
2020-04-25,5,88
2020-04-26,1,16
2020-04-26,2,2
2020-04-26,3,4
2020-04-26,4,13
2020-04-26,5,76
2020-04-27,1,14
2020-04-27,2,1
2020-04-27,3,9
2020-04-27,4,12
2020-04-27,5,80
2020-04-28,1,24
2020-04-28,2,1
2020-04-28,3,9
2020-04-28,4,6
2020-04-28,5,81
2020-04-29,1,22
2020-04-29,2,1
2020-04-29,3,2
2020-04-29,4,8
2020-04-29,5,79
2020-04-30,1,17
2020-04-30,2,2
2020-04-30,3,3
2020-04-30,4,12
2020-04-30,5,71
2020-05-01,1,37
2020-05-01,2,8
2020-05-01,3,5
2020-05-01,4,13
2020-05-01,5,71
2020-05-02,1,27
2020-05-02,2,1
2020-05-02,3,3
2020-05-02,4,10
2020-05-02,5,64
2020-05-03,1,16
2020-05-03,2,4
2020-05-03,3,4
2020-05-03,4,15
2020-05-03,5,77
2020-05-04,1,28
2020-05-04,2,4
2020-05-04,3,8
2020-05-04,4,9
2020-05-04,5,69
2020-05-05,1,25
2020-05-05,2,5
2020-05-05,3,5
2020-05-05,4,7
2020-05-05,5,77
2020-05-06,1,15
2020-05-06,2,4
2020-05-06,3,8
2020-05-06,4,13
2020-05-06,5,76
2020-05-07,1,23
2020-05-07,2,5
2020-05-07,3,3
2020-05-07,4,12
2020-05-07,5,74
2020-05-08,1,18
2020-05-08,2,2
2020-05-08,3,3
2020-05-08,4,10
2020-05-08,5,65
2020-05-09,1,16
2020-05-09,2,5
2020-05-09,3,2
2020-05-09,4,8
2020-05-09,5,91
2020-05-10,1,16
2020-05-10,2,2
2020-05-10,3,4
2020-05-10,4,12
2020-05-10,5,95
2020-05-11,1,16
2020-05-11,2,1
2020-05-11,3,5
2020-05-11,4,16
2020-05-11,5,71
2020-05-12,1,27
2020-05-12,2,7
2020-05-12,3,6
2020-05-12,4,14
2020-05-12,5,78
2020-05-13,1,27
2020-05-13,2,5
2020-05-13,3,9
2020-05-13,4,15
2020-05-13,5,58
2020-05-14,1,19
2020-05-14,2,2
2020-05-14,3,1
2020-05-14,4,10
2020-05-14,5,79
2020-05-15,1,28
2020-05-15,2,1
2020-05-15,3,10
2020-05-15,4,19
2020-05-15,5,96
2020-05-16,1,19
2020-05-16,2,1
2020-05-16,3,5
2020-05-16,4,11
2020-05-16,5,85
2020-05-17,1,21
2020-05-17,2,3
2020-05-17,3,2
2020-05-17,4,13
2020-05-17,5,75
2020-05-18,1,19
2020-05-18,2,4
2020-05-18,3,3
2020-05-18,4,14
2020-05-18,5,70
2020-05-19,1,13
2020-05-19,2,6
2020-05-19,3,8
2020-05-19,4,14
2020-05-19,5,72
2020-05-20,1,31
2020-05-20,2,4
2020-05-20,3,1
2020-05-20,4,10
2020-05-20,5,77
2020-05-21,1,28
2020-05-21,2,3
2020-05-21,3,3
2020-05-21,4,7
2020-05-21,5,70
2020-05-22,1,25
2020-05-22,2,4
2020-05-22,3,4
2020-05-22,4,18
2020-05-22,5,81
2020-05-23,1,21
2020-05-23,2,4
2020-05-23,3,4
2020-05-23,4,10
2020-05-23,5,85
2020-05-24,1,17
2020-05-24,2,3
2020-05-24,3,7
2020-05-24,4,7
2020-05-24,5,83
2020-05-25,1,33
2020-05-25,2,6
2020-05-25,3,3
2020-05-25,4,13
2020-05-25,5,60
2020-05-26,1,32
2020-05-26,2,7
2020-05-26,3,3
2020-05-26,4,14
2020-05-26,5,80
2020-05-27,1,31
2020-05-27,2,10
2020-05-27,3,7
2020-05-27,4,9
2020-05-27,5,69
2020-05-28,1,34
2020-05-28,2,10
2020-05-28,3,2
2020-05-28,4,6
2020-05-28,5,80
2020-05-29,1,30
2020-05-29,2,6
2020-05-29,3,4
2020-05-29,4,14
2020-05-29,5,71
2020-05-30,1,29
2020-05-30,2,5
2020-05-30,3,10
2020-05-30,4,9
2020-05-30,5,73
2020-05-31,1,26
2020-05-31,2,5
2020-05-31,3,5
2020-05-31,4,9
2020-05-31,5,72
2020-06-01,1,25
2020-06-01,2,3
2020-06-01,3,4
2020-06-01,4,9
2020-06-01,5,69
2020-06-02,1,25
2020-06-02,2,4
2020-06-02,3,3
2020-06-02,4,10
2020-06-02,5,60
2020-06-03,1,34
2020-06-03,2,6
2020-06-03,3,10
2020-06-03,4,24
2020-06-03,5,78
2020-06-04,1,22
2020-06-04,2,2
2020-06-04,3,10
2020-06-04,4,12
2020-06-04,5,82
2020-06-05,1,24
2020-06-05,2,7
2020-06-05,3,6
2020-06-05,4,19
2020-06-05,5,76
2020-06-06,1,26
2020-06-06,2,5
2020-06-06,3,9
2020-06-06,4,11
2020-06-06,5,73
2020-06-07,1,12
2020-06-07,2,2
2020-06-07,3,5
2020-06-07,4,11
2020-06-07,5,71
2020-06-08,1,23
2020-06-08,2,8
2020-06-08,3,4
2020-06-08,4,12
2020-06-08,5,65
2020-06-09,1,30
2020-06-09,2,9
2020-06-09,3,4
2020-06-09,4,15
2020-06-09,5,71
2020-06-10,1,58
2020-06-10,2,2
2020-06-10,3,3
2020-06-10,4,9
2020-06-10,5,68
2020-06-11,1,47
2020-06-11,2,7
2020-06-11,3,6
2020-06-11,4,11
2020-06-11,5,76
2020-06-12,1,88
2020-06-12,2,5
2020-06-12,3,11
2020-06-12,4,8
2020-06-12,5,76
2020-06-13,1,45
2020-06-13,2,5
2020-06-13,3,6
2020-06-13,4,10
2020-06-13,5,63
2020-06-14,1,57
2020-06-14,2,7
2020-06-14,3,3
2020-06-14,4,17
2020-06-14,5,65
2020-06-15,1,46
2020-06-15,2,5
2020-06-15,3,5
2020-06-15,4,9
2020-06-15,5,70
2020-06-16,1,32
2020-06-16,2,9
2020-06-16,3,6
2020-06-16,4,12
2020-06-16,5,61
2020-06-17,1,43
2020-06-17,2,5
2020-06-17,3,8
2020-06-17,4,12
2020-06-17,5,51
2020-06-18,1,36
2020-06-18,2,5
2020-06-18,3,3
2020-06-18,4,6
2020-06-18,5,58
2020-06-19,1,20
2020-06-19,2,2
2020-06-19,3,3
2020-06-19,4,11
2020-06-19,5,59
2020-06-20,1,30
2020-06-20,2,2
2020-06-20,3,1
2020-06-20,4,11
2020-06-20,5,60
2020-06-21,1,37
2020-06-21,2,2
2020-06-21,3,5
2020-06-21,4,13
2020-06-21,5,61
2020-06-22,1,2
2020-06-22,5,2
